fips,County,State,stateFIPS,1/22/20,1/23/20,1/24/20,1/25/20,1/26/20,1/27/20,1/28/20,1/29/20,1/30/20,1/31/20,2/1/20,2/2/20,2/3/20,2/4/20,2/5/20,2/6/20,2/7/20,2/8/20,2/9/20,2/10/20,2/11/20,2/12/20,2/13/20,2/14/20,2/15/20,2/16/20,2/17/20,2/18/20,2/19/20,2/20/20,2/21/20,2/22/20,2/23/20,2/24/20,2/25/20,2/26/20,2/27/20,2/28/20,2/29/20,3/1/20,3/2/20,3/3/20,3/4/20,3/5/20,3/6/20,3/7/20,3/8/20,3/9/20,3/10/20,3/11/20,3/12/20,3/13/20,3/14/20,3/15/20,3/16/20,3/17/20,3/18/20,3/19/20,3/20/20,3/21/20,3/22/20,3/23/20,3/24/20,3/25/20,3/26/20,3/27/20,3/28/20,3/29/20,3/30/20,3/31/20,4/1/20,4/2/20,4/3/20,4/4/20,4/5/20,4/6/20,4/7/20,4/8/20,4/9/20,4/10/20,4/11/20,4/12/20,4/13/20,4/14/20,4/15/20,4/16/20,4/17/20,4/18/20,4/19/20,4/20/20,4/21/20,4/22/20,4/23/20,4/24/20,4/25/20,4/26/20,4/27/20,4/28/20,4/29/20,4/30/20,5/1/20,5/2/20,5/3/20,5/4/20,5/5/20,5/6/20,5/7/20,5/8/20,5/9/20,5/10/20,5/11/20,5/12/20,5/13/20,5/14/20,5/15/20,5/16/20,5/17/20,5/18/20,5/19/20,5/20/20,5/21/20,5/22/20,5/23/20,5/24/20,5/25/20,5/26/20,5/27/20,5/28/20,5/29/20,5/30/20,5/31/20,6/1/20,6/2/20,6/3/20,6/4/20,6/5/20,6/6/20,6/7/20,6/8/20,6/9/20,6/10/20,6/11/20,6/12/20,6/13/20,6/14/20,6/15/20,6/16/20,6/17/20,6/18/20,6/19/20,6/20/20,6/21/20,6/22/20,6/23/20,6/24/20,6/25/20,6/26/20,6/27/20,6/28/20,6/29/20,6/30/20,7/1/20,7/2/20,7/3/20,7/4/20,7/5/20,7/6/20,7/7/20,7/8/20,7/9/20,7/10/20,7/11/20,7/12/20,7/13/20,7/14/20,7/15/20,7/16/20,7/17/20,7/18/20,7/19/20,7/20/20,7/21/20,7/22/20,7/23/20,7/24/20,7/25/20,7/26/20,7/27/20,7/28/20,7/29/20,7/30/20,7/31/20,8/1/20,8/2/20,8/3/20,8/4/20,8/5/20,8/6/20,8/7/20,8/8/20,8/9/20,8/10/20,8/11/20,8/12/20,8/13/20,8/14/20,8/15/20,8/16/20
0,Statewide Unallocated,NC,37,0,0,0,0,0,0,0,0,0,0,0,0,0,0,0,0,0,0,0,0,0,0,0,0,0,0,0,0,0,0,0,0,0,0,0,0,0,0,0,0,0,0,0,0,0,0,0,0,0,0,0,0,0,0,0,0,1,1,1,1,5,3,4,4,0,0,0,0,0,0,0,0,0,0,0,0,1,3,3,3,3,3,3,3,3,3,3,3,3,3,3,3,3,3,3,3,3,3,3,3,3,3,3,3,3,3,3,3,3,3,3,3,3,3,3,3,3,3,3,3,1,1,1,2,0,0,0,1,1,1,1,1,2,3,3,209,1,2,2,2,203,203,152,152,0,120,120,155,130,130,0,0,0,0,0,0,3,19,1,1,3,3,3,3,0,0,0,0,0,0,1,0,0,0,0,2,2,2,0,0,0,0,0,0,0,0,0,0,0,0,0,0,0,0,0,0,0,0,0,0,0,0,0,1166,1166,1166,1166,1166
37001,Alamance,NC,37,0,0,0,0,0,0,0,0,0,0,0,0,0,0,0,0,0,0,0,0,0,0,0,0,0,0,0,0,0,0,0,0,0,0,0,0,0,0,0,0,0,0,0,0,0,0,0,0,0,0,0,0,0,0,0,0,0,0,0,1,1,2,2,2,4,5,5,6,7,7,7,13,14,16,18,18,24,27,29,33,34,36,40,42,42,45,47,47,49,49,52,55,63,73,77,82,91,92,95,99,106,121,124,126,126,128,143,149,152,172,178,180,181,190,195,203,207,215,223,229,236,246,257,261,274,274,281,293,307,329,329,364,368,382,398,427,451,465,494,519,544,581,641,700,742,778,796,810,838,883,919,939,946,969,994,1009,1032,1066,1088,1114,1121,1151,1179,1207,1240,1274,1292,1309,1319,1357,1388,1401,1428,1460,1492,1535,1569,1607,1648,1684,1718,1755,1809,1842,1896,1920,1954,1973,2029,2066,2101,2148,2189,2207,2248,2280,2298,2343,2365,2396,2448,2472,2496,2496,2567,2586,2612,2639
37003,Alexander,NC,37,0,0,0,0,0,0,0,0,0,0,0,0,0,0,0,0,0,0,0,0,0,0,0,0,0,0,0,0,0,0,0,0,0,0,0,0,0,0,0,0,0,0,0,0,0,0,0,0,0,0,0,0,0,0,0,0,0,0,0,0,0,0,0,0,0,0,0,0,1,2,2,2,2,2,2,2,2,2,2,2,2,2,2,3,3,3,3,3,3,3,3,3,4,4,4,4,4,4,4,4,4,4,4,4,5,6,8,8,10,12,12,13,14,15,15,18,21,21,21,23,23,23,27,27,27,27,28,30,30,33,33,35,38,38,38,38,43,43,43,43,43,43,46,48,49,49,49,51,56,59,60,65,66,68,73,76,79,84,84,87,91,93,101,105,112,118,124,134,138,140,149,156,163,174,183,186,193,197,210,213,216,221,225,235,240,250,253,256,258,258,259,262,265,270,271,274,278,284,288,295,299,303,312,312,323,327,332,338
37005,Alleghany,NC,37,0,0,0,0,0,0,0,0,0,0,0,0,0,0,0,0,0,0,0,0,0,0,0,0,0,0,0,0,0,0,0,0,0,0,0,0,0,0,0,0,0,0,0,0,0,0,0,0,0,0,0,0,0,0,0,0,0,0,0,0,0,0,0,0,0,0,0,0,2,2,2,2,2,2,2,2,2,2,2,2,2,2,2,2,2,2,2,2,2,2,2,2,2,2,2,2,2,2,2,3,4,6,6,6,6,7,7,7,7,8,8,8,9,10,10,11,11,12,12,12,12,12,12,12,13,13,14,14,14,15,15,17,18,18,22,24,28,28,29,30,30,30,30,30,30,30,30,30,30,30,30,30,30,30,31,31,31,31,31,31,31,32,36,36,36,37,37,37,37,39,41,41,41,42,43,44,46,50,51,53,54,52,53,55,56,61,62,62,63,64,66,67,67,98,156,164,164,165,166,167,167,169,169,169,171,172,177,179
37007,Anson,NC,37,0,0,0,0,0,0,0,0,0,0,0,0,0,0,0,0,0,0,0,0,0,0,0,0,0,0,0,0,0,0,0,0,0,0,0,0,0,0,0,0,0,0,0,0,0,0,0,0,0,0,0,0,0,0,0,0,0,0,0,0,0,0,0,0,0,0,0,0,0,1,1,1,3,3,5,5,6,6,9,9,10,10,10,11,12,14,14,15,15,18,18,18,18,19,20,20,20,22,24,25,27,29,30,30,30,31,33,37,38,38,38,39,34,41,43,46,47,48,49,50,50,54,57,57,57,57,57,63,63,64,64,65,66,68,68,70,71,72,74,78,78,81,83,85,86,87,89,91,91,95,96,102,106,107,108,115,119,121,125,126,128,132,138,142,148,149,155,162,171,176,182,189,194,208,214,218,234,240,253,260,267,267,267,269,269,279,280,287,292,295,298,301,301,302,303,308,311,317,317,327,328,328,332,332,358,363,366,374
37009,Ashe,NC,37,0,0,0,0,0,0,0,0,0,0,0,0,0,0,0,0,0,0,0,0,0,0,0,0,0,0,0,0,0,0,0,0,0,0,0,0,0,0,0,0,0,0,0,0,0,0,0,0,0,0,0,0,0,0,0,0,0,0,0,0,0,0,0,0,0,0,0,0,0,0,0,0,0,1,1,1,2,2,2,3,4,4,4,4,4,4,4,4,4,4,4,4,4,4,4,4,4,4,5,5,5,5,5,5,5,5,6,7,8,10,10,14,16,17,17,26,27,28,28,28,31,31,33,34,34,34,34,34,36,36,36,36,36,36,39,39,40,40,40,41,42,42,43,43,43,43,43,43,44,45,47,47,47,49,49,50,51,52,52,52,54,54,54,54,54,57,60,60,61,61,62,62,63,64,65,67,67,67,73,73,74,75,75,82,83,83,84,88,96,97,107,114,119,119,120,126,139,142,152,157,157,158,165,165,167,168,168,174
37011,Avery,NC,37,0,0,0,0,0,0,0,0,0,0,0,0,0,0,0,0,0,0,0,0,0,0,0,0,0,0,0,0,0,0,0,0,0,0,0,0,0,0,0,0,0,0,0,0,0,0,0,0,0,0,0,0,0,0,0,0,0,0,0,0,0,0,0,0,0,0,0,0,0,0,0,0,0,0,0,0,0,0,0,0,0,0,0,0,0,0,0,0,0,0,0,0,0,0,0,0,0,0,0,0,0,0,0,0,0,0,0,0,0,0,0,0,0,0,0,0,0,0,1,1,1,2,2,2,2,2,2,2,2,2,2,2,2,2,2,3,3,3,4,6,6,6,6,6,6,6,6,6,6,7,7,8,8,8,8,8,8,9,9,9,12,12,13,13,14,15,18,18,19,21,23,26,26,30,31,36,38,39,41,42,45,52,53,53,54,60,61,61,72,72,75,79,81,83,84,87,88,90,90,93,95,95,95,95,95,99,106,107
37013,Beaufort,NC,37,0,0,0,0,0,0,0,0,0,0,0,0,0,0,0,0,0,0,0,0,0,0,0,0,0,0,0,0,0,0,0,0,0,0,0,0,0,0,0,0,0,0,0,0,0,0,0,0,0,0,0,0,0,0,0,0,0,0,0,0,0,0,0,0,2,3,3,3,3,4,5,7,7,8,8,8,9,9,10,12,13,13,13,13,13,13,13,13,14,14,15,16,16,16,20,20,20,20,20,21,21,21,21,21,21,21,22,24,24,25,25,25,25,26,26,27,27,30,30,30,30,32,32,32,32,32,33,33,33,34,34,34,36,36,39,41,41,41,41,43,43,45,49,50,50,51,52,53,54,54,55,57,59,61,61,62,66,74,77,80,83,83,93,100,103,104,108,110,118,123,134,139,148,154,157,163,171,185,190,197,207,209,216,224,240,258,272,290,290,306,331,335,339,348,351,354,354,365,369,387,396,405,410,410,419,425,435,448
37015,Bertie,NC,37,0,0,0,0,0,0,0,0,0,0,0,0,0,0,0,0,0,0,0,0,0,0,0,0,0,0,0,0,0,0,0,0,0,0,0,0,0,0,0,0,0,0,0,0,0,0,0,0,0,0,0,0,0,0,0,0,0,0,0,0,0,0,0,2,3,3,3,3,5,6,6,6,6,7,7,7,9,10,11,12,12,12,12,15,16,17,18,20,21,24,24,27,31,33,37,37,38,38,38,44,44,47,47,48,51,53,57,58,60,61,61,67,72,74,76,84,87,89,95,98,99,108,109,113,115,115,115,118,119,122,122,122,125,126,127,129,133,134,134,134,134,134,134,134,134,134,134,135,135,136,136,136,136,137,138,139,140,141,141,145,145,146,146,146,149,151,151,151,152,154,155,155,156,157,157,161,163,168,174,178,178,181,190,191,194,204,214,215,219,222,226,232,245,247,249,254,254,263,263,269,272,275,280,280,294,299,313,317
37017,Bladen,NC,37,0,0,0,0,0,0,0,0,0,0,0,0,0,0,0,0,0,0,0,0,0,0,0,0,0,0,0,0,0,0,0,0,0,0,0,0,0,0,0,0,0,0,0,0,0,0,0,0,0,0,0,0,0,0,0,0,0,0,0,0,0,0,0,0,0,0,0,0,0,0,0,0,1,1,1,1,1,1,1,1,1,1,1,1,1,1,1,2,2,2,4,4,4,6,7,10,10,13,20,21,25,27,27,29,34,40,45,50,51,52,54,60,63,66,68,70,71,73,78,81,83,91,91,91,91,91,91,92,95,100,100,104,104,106,132,143,153,162,163,163,164,173,186,188,194,196,199,214,220,232,262,307,310,321,333,341,344,349,357,366,371,379,384,397,398,399,399,406,411,419,424,430,438,446,455,457,464,474,480,485,487,493,508,508,514,523,528,536,539,549,563,563,577,584,589,591,596,603,608,623,623,625,626,626,634,640,651,652
37019,Brunswick,NC,37,0,0,0,0,0,0,0,0,0,0,0,0,0,0,0,0,0,0,0,0,0,0,0,0,0,0,0,0,0,0,0,0,0,0,0,0,0,0,0,0,0,0,0,0,0,0,0,0,0,0,0,0,1,1,1,1,1,1,1,3,5,5,5,5,5,11,12,12,13,14,14,19,22,23,24,26,26,26,28,30,32,33,35,35,35,36,36,36,36,36,37,38,39,39,39,39,40,43,43,43,43,44,44,46,49,49,49,49,50,50,50,50,50,51,51,55,55,57,59,62,64,68,70,70,73,76,79,79,82,83,83,95,95,96,115,131,133,142,149,156,163,183,190,206,230,241,263,268,293,312,328,345,356,367,391,407,440,459,479,499,510,546,574,603,628,646,662,677,698,727,741,753,781,802,832,853,875,891,921,940,947,977,992,1013,1027,1037,1052,1066,1101,1116,1150,1165,1174,1188,1198,1202,1213,1231,1234,1240,1249,1250,1260,1260,1287,1293,1302,1310
37021,Buncombe,NC,37,0,0,0,0,0,0,0,0,0,0,0,0,0,0,0,0,0,0,0,0,0,0,0,0,0,0,0,0,0,0,0,0,0,0,0,0,0,0,0,0,0,0,0,0,0,0,0,0,0,0,0,0,0,0,0,0,0,0,0,0,0,0,5,6,15,15,17,19,20,20,20,21,24,27,28,31,33,33,34,36,36,36,36,37,37,41,42,45,45,45,46,46,49,49,50,51,51,53,54,63,65,72,73,77,78,78,88,88,92,100,101,103,105,116,138,152,168,176,182,183,209,246,251,262,276,277,279,303,310,323,323,346,354,361,374,382,389,396,399,401,408,417,426,439,449,456,461,464,478,484,494,501,504,509,514,519,528,536,547,574,591,603,624,625,646,675,693,711,737,777,802,845,865,898,928,957,992,1044,1108,1140,1174,1223,1248,1292,1344,1400,1445,1473,1505,1538,1576,1605,1657,1689,1715,1741,1757,1785,1815,1850,1884,1892,1905,1905,1965,2001,2033,2079
37023,Burke,NC,37,0,0,0,0,0,0,0,0,0,0,0,0,0,0,0,0,0,0,0,0,0,0,0,0,0,0,0,0,0,0,0,0,0,0,0,0,0,0,0,0,0,0,0,0,0,0,0,0,0,0,0,0,0,0,0,0,0,0,0,0,0,0,0,0,1,1,2,4,5,5,5,9,10,13,15,25,29,29,42,44,59,59,59,59,59,59,64,66,67,70,75,77,81,82,86,86,88,89,93,102,106,110,110,112,117,117,126,128,131,136,137,146,148,159,174,191,195,198,206,210,223,248,266,277,295,295,337,338,372,390,390,418,436,474,497,508,540,547,567,584,595,656,669,706,716,726,751,838,872,882,895,911,912,918,934,954,983,1000,1016,1022,1033,1042,1057,1074,1099,1105,1110,1129,1134,1144,1161,1186,1206,1217,1238,1245,1279,1292,1302,1315,1325,1337,1360,1379,1402,1415,1424,1439,1460,1488,1514,1537,1550,1556,1562,1592,1596,1611,1633,1643,1655,1661,1677,1677,1679,1686,1702,1710
37025,Cabarrus,NC,37,0,0,0,0,0,0,0,0,0,0,0,0,0,0,0,0,0,0,0,0,0,0,0,0,0,0,0,0,0,0,0,0,0,0,0,0,0,0,0,0,0,0,0,0,0,0,0,0,0,0,0,1,1,1,1,1,1,2,2,2,4,4,8,12,16,21,23,29,38,45,45,50,56,65,67,76,81,86,86,94,107,117,165,190,191,198,201,204,208,212,216,228,231,239,247,250,254,258,267,296,308,310,313,314,318,323,333,338,341,350,350,356,361,362,370,372,379,379,389,395,406,420,428,429,446,446,448,455,460,478,478,497,498,500,521,536,571,588,599,612,614,641,670,686,711,716,729,746,773,805,835,869,883,888,912,936,978,1021,1064,1105,1107,1141,1187,1237,1313,1343,1368,1399,1424,1454,1521,1580,1640,1677,1721,1754,1795,1828,1902,1949,1970,1989,2028,2050,2094,2129,2164,2184,2212,2248,2316,2342,2375,2406,2430,2466,2490,2520,2549,2603,2626,2626,2655,2655,2714,2753,2767,2803
37027,Caldwell,NC,37,0,0,0,0,0,0,0,0,0,0,0,0,0,0,0,0,0,0,0,0,0,0,0,0,0,0,0,0,0,0,0,0,0,0,0,0,0,0,0,0,0,0,0,0,0,0,0,0,0,0,0,0,0,0,0,0,0,0,0,0,0,0,0,1,3,3,3,3,3,3,3,3,3,5,6,9,10,10,11,14,15,17,19,19,19,19,21,21,22,23,23,23,26,27,30,30,31,32,32,32,34,34,36,36,43,43,50,52,55,60,60,63,67,71,74,78,83,86,90,90,93,96,105,106,107,107,110,120,127,132,132,155,157,160,172,183,196,201,204,214,219,228,238,240,248,249,252,258,273,296,304,314,315,322,328,335,348,358,398,411,419,434,452,469,486,504,522,534,546,563,580,601,619,653,663,685,707,732,754,771,789,809,835,869,901,936,961,981,1010,1022,1066,1085,1103,1121,1138,1154,1159,1179,1197,1209,1215,1215,1221,1221,1246,1252,1265,1277
37029,Camden,NC,37,0,0,0,0,0,0,0,0,0,0,0,0,0,0,0,0,0,0,0,0,0,0,0,0,0,0,0,0,0,0,0,0,0,0,0,0,0,0,0,0,0,0,0,0,0,0,0,0,0,0,0,0,0,0,0,0,0,0,0,0,0,0,0,0,0,0,0,0,0,0,0,0,0,0,0,0,0,0,0,0,0,0,0,0,0,0,0,0,0,0,0,0,0,0,0,0,1,1,1,1,1,2,2,2,2,2,2,2,2,2,2,2,2,2,2,2,2,2,3,3,3,3,3,3,3,3,3,3,3,3,3,3,3,3,3,3,3,3,3,3,3,3,3,6,6,6,7,7,9,12,16,19,19,22,23,23,23,24,24,26,28,29,30,31,31,31,31,33,34,34,34,35,35,38,39,42,43,44,44,45,46,47,48,50,50,52,52,52,53,53,55,56,62,63,63,63,64,65,68,69,72,73,73,73,76,76,76,76
37031,Carteret,NC,37,0,0,0,0,0,0,0,0,0,0,0,0,0,0,0,0,0,0,0,0,0,0,0,0,0,0,0,0,0,0,0,0,0,0,0,0,0,0,0,0,0,0,0,0,0,0,0,0,0,0,0,0,0,0,0,0,0,0,0,0,2,4,4,4,4,4,5,6,10,11,11,13,14,15,15,17,17,18,19,20,21,21,21,21,21,21,21,21,21,21,21,21,22,22,26,26,27,27,27,27,27,27,27,27,27,28,29,29,29,31,31,32,34,34,35,35,35,35,35,35,35,35,35,35,35,35,35,35,35,35,35,35,35,36,37,39,39,39,40,40,42,43,45,46,46,47,47,47,49,51,52,53,57,59,61,64,67,70,76,84,87,87,91,100,101,105,109,110,111,111,117,121,130,136,144,152,164,168,173,176,178,176,178,180,210,238,262,267,271,272,279,284,286,295,300,307,308,323,328,339,344,348,351,351,362,369,374,377
37033,Caswell,NC,37,0,0,0,0,0,0,0,0,0,0,0,0,0,0,0,0,0,0,0,0,0,0,0,0,0,0,0,0,0,0,0,0,0,0,0,0,0,0,0,0,0,0,0,0,0,0,0,0,0,0,0,0,0,0,0,0,0,0,0,0,0,0,0,0,0,0,0,1,1,1,1,1,1,1,2,2,2,2,2,3,3,3,3,3,3,4,7,7,7,8,8,9,13,14,15,16,18,18,19,22,24,30,32,32,34,36,38,38,38,39,41,41,40,41,43,43,43,44,45,45,45,49,52,54,54,54,54,57,58,60,60,87,93,94,94,94,96,96,97,97,98,100,100,101,102,103,104,106,110,112,113,115,115,121,122,125,128,134,135,135,135,135,141,142,144,147,147,147,148,149,149,149,150,154,156,156,158,160,167,167,168,167,167,170,171,172,173,173,173,173,179,183,183,184,186,189,189,191,191,193,195,196,196,196,198,198,200,201
37035,Catawba,NC,37,0,0,0,0,0,0,0,0,0,0,0,0,0,0,0,0,0,0,0,0,0,0,0,0,0,0,0,0,0,0,0,0,0,0,0,0,0,0,0,0,0,0,0,0,0,0,0,0,0,0,0,0,0,0,0,0,0,0,0,1,1,1,4,4,7,7,10,14,14,14,14,16,16,16,22,25,27,28,27,29,32,32,33,35,35,37,40,40,40,40,43,43,46,47,47,49,49,51,52,53,54,56,56,57,59,63,65,67,78,79,82,83,85,90,92,96,100,104,117,118,129,134,142,146,152,153,167,175,189,199,199,217,229,241,258,267,284,293,300,310,326,341,371,399,417,435,452,465,485,519,538,552,560,570,600,641,660,686,720,759,780,811,826,887,907,942,980,1018,1066,1093,1105,1142,1184,1253,1290,1327,1358,1404,1435,1469,1514,1548,1574,1624,1660,1694,1727,1739,1773,1801,1829,1859,1883,1898,1933,1969,1986,2018,2074,2107,2120,2123,2141,2141,2203,2216,2242,2265
37037,Chatham,NC,37,0,0,0,0,0,0,0,0,0,0,0,0,0,0,0,0,0,0,0,0,0,0,0,0,0,0,0,0,0,0,0,0,0,0,0,0,0,0,0,0,0,0,0,0,1,1,1,1,1,1,1,1,1,1,1,1,3,3,3,3,3,3,3,6,6,11,12,13,14,16,17,19,19,21,21,21,21,24,26,26,37,63,69,75,77,80,85,101,119,127,131,135,156,179,211,240,262,274,287,316,343,375,378,383,403,412,421,435,447,455,458,461,468,490,495,504,507,512,541,543,546,564,573,578,587,587,587,595,610,630,630,637,638,660,677,690,720,723,733,745,749,759,780,784,808,808,813,821,841,848,860,881,881,890,901,910,916,924,936,947,950,956,964,975,984,990,994,999,1001,1009,1035,1041,1052,1061,1067,1072,1076,1088,1100,1106,1109,1116,1124,1128,1144,1162,1175,1181,1188,1193,1200,1208,1220,1234,1245,1255,1261,1274,1290,1295,1300,1305,1305,1305,1323,1332,1338,1353
37039,Cherokee,NC,37,0,0,0,0,0,0,0,0,0,0,0,0,0,0,0,0,0,0,0,0,0,0,0,0,0,0,0,0,0,0,0,0,0,0,0,0,0,0,0,0,0,0,0,0,0,0,0,0,0,0,0,0,0,0,0,0,0,0,0,0,0,0,3,3,3,3,4,6,7,7,8,8,8,8,8,8,9,9,9,10,10,10,10,12,12,13,14,14,14,14,14,14,14,15,15,15,16,16,16,16,16,16,17,17,17,17,17,17,17,17,17,17,17,17,17,17,17,17,17,20,20,20,20,20,20,20,20,20,20,20,20,20,20,20,21,21,21,21,21,21,21,26,30,30,30,30,30,30,31,32,32,32,32,32,32,32,33,33,33,33,34,35,44,44,44,44,45,48,51,52,58,61,66,80,88,91,105,108,116,118,127,141,151,158,170,183,195,201,207,214,219,228,235,236,239,242,252,255,266,269,273,274,277,277,277,279,285,294
37041,Chowan,NC,37,0,0,0,0,0,0,0,0,0,0,0,0,0,0,0,0,0,0,0,0,0,0,0,0,0,0,0,0,0,0,0,0,0,0,0,0,0,0,0,0,0,0,0,0,0,0,0,0,0,0,0,0,0,0,0,0,0,0,0,0,0,0,0,0,0,0,0,0,0,0,0,0,1,1,1,1,1,1,1,2,3,3,3,4,5,5,6,6,6,6,6,6,6,6,6,6,6,6,6,6,6,6,6,6,6,7,7,8,10,11,11,11,12,12,12,14,14,14,14,14,14,14,14,15,15,15,16,16,17,17,17,17,17,17,17,17,17,17,17,17,18,19,19,19,19,19,19,19,19,19,19,19,19,19,19,19,19,22,24,24,24,24,25,26,27,27,29,30,31,31,34,35,37,37,39,39,41,44,50,51,61,65,72,72,76,92,100,104,106,109,109,120,126,138,144,145,145,148,150,155,157,157,158,158,160,162,165,166
37043,Clay,NC,37,0,0,0,0,0,0,0,0,0,0,0,0,0,0,0,0,0,0,0,0,0,0,0,0,0,0,0,0,0,0,0,0,0,0,0,0,0,0,0,0,0,0,0,0,0,0,0,0,0,0,0,0,0,0,0,0,0,0,0,0,0,0,0,0,0,0,0,0,0,1,1,2,3,3,3,3,3,3,3,3,3,3,3,3,3,4,5,5,5,5,5,5,5,5,5,5,5,5,5,5,5,5,5,5,5,5,5,5,5,5,5,5,5,5,5,5,5,5,5,5,5,5,5,5,5,5,5,5,5,5,5,5,5,5,5,5,5,5,6,8,8,8,8,9,9,9,9,9,9,9,9,9,9,9,9,9,9,9,9,9,10,10,10,11,11,11,11,11,11,11,11,11,13,16,16,16,19,27,29,31,33,37,39,41,42,50,52,52,53,53,56,56,58,58,58,59,59,61,64,64,65,65,65,65,72,74,75,76
37045,Cleveland,NC,37,0,0,0,0,0,0,0,0,0,0,0,0,0,0,0,0,0,0,0,0,0,0,0,0,0,0,0,0,0,0,0,0,0,0,0,0,0,0,0,0,0,0,0,0,0,0,0,0,0,0,0,0,0,0,0,0,0,0,0,0,0,0,0,1,2,2,3,5,5,6,6,7,10,15,15,18,23,26,27,32,35,38,39,39,40,41,42,42,43,43,44,45,45,45,46,46,46,46,46,47,47,47,47,47,48,48,50,50,50,50,50,50,51,53,54,54,54,55,55,60,60,63,67,67,69,69,73,78,79,89,89,94,99,102,104,108,113,121,121,127,127,134,143,152,159,159,164,180,189,202,213,225,227,239,242,248,257,268,277,283,297,315,324,349,365,375,398,407,423,448,463,498,519,528,544,558,593,621,649,671,690,708,735,753,788,809,839,878,892,910,936,964,999,1019,1037,1087,1097,1128,1143,1167,1178,1193,1208,1208,1255,1286,1304,1322
37047,Columbus,NC,37,0,0,0,0,0,0,0,0,0,0,0,0,0,0,0,0,0,0,0,0,0,0,0,0,0,0,0,0,0,0,0,0,0,0,0,0,0,0,0,0,0,0,0,0,0,0,0,0,0,0,0,0,0,0,0,0,0,0,0,0,0,0,0,0,0,0,0,1,2,2,2,2,2,4,5,12,13,14,16,20,31,31,37,37,37,41,50,51,57,59,61,66,74,80,87,90,90,94,102,139,149,164,166,167,167,175,184,186,196,200,205,212,216,226,226,228,235,242,251,253,271,278,289,292,296,299,304,314,320,327,327,335,337,340,349,355,361,368,373,374,379,388,404,415,419,427,429,432,446,452,460,461,464,471,484,492,494,502,513,517,521,535,543,553,555,556,565,570,577,585,602,607,615,623,646,650,658,672,693,710,710,709,714,725,732,741,753,759,767,775,799,807,821,826,833,838,851,864,881,896,903,907,918,918,950,961,968,973
37049,Craven,NC,37,0,0,0,0,0,0,0,0,0,0,0,0,0,0,0,0,0,0,0,0,0,0,0,0,0,0,0,0,0,0,0,0,0,0,0,0,0,0,0,0,0,0,0,0,0,0,0,0,0,0,0,0,1,1,1,1,1,2,2,2,2,2,2,3,3,3,4,5,5,6,6,7,11,13,15,17,18,19,19,22,24,25,27,29,31,31,33,33,34,36,36,36,37,39,39,39,39,39,39,40,42,42,42,44,44,45,46,49,51,54,55,55,55,72,81,84,94,127,133,135,140,142,177,186,186,186,186,189,191,204,204,209,210,210,216,218,223,232,237,238,241,243,255,255,264,275,275,280,283,292,300,310,312,318,328,332,338,350,354,365,365,372,382,387,387,396,402,405,411,426,427,443,443,452,470,483,487,488,489,509,514,515,528,555,563,569,572,578,597,600,610,621,626,631,634,648,649,673,680,697,699,706,712,712,742,758,780,784
37051,Cumberland,NC,37,0,0,0,0,0,0,0,0,0,0,0,0,0,0,0,0,0,0,0,0,0,0,0,0,0,0,0,0,0,0,0,0,0,0,0,0,0,0,0,0,0,0,0,0,0,0,0,0,0,0,0,0,0,0,0,0,0,0,0,2,2,2,2,3,7,8,10,13,15,18,19,25,35,42,42,45,62,64,72,75,82,84,84,86,87,93,97,105,112,112,127,129,137,161,184,192,193,218,223,238,256,275,276,279,290,318,336,342,347,348,351,368,398,413,435,463,468,471,500,506,524,541,559,578,588,590,600,622,658,682,682,696,708,721,733,744,768,775,781,798,811,828,855,874,888,895,904,935,948,965,988,1008,1014,1031,1053,1065,1087,1101,1142,1157,1180,1218,1266,1311,1337,1355,1374,1402,1440,1490,1521,1558,1613,1633,1686,1729,1762,1829,1888,1917,1935,2032,2101,2142,2212,2276,2318,2357,2418,2494,2560,2636,2694,2734,2762,2833,2880,2939,2987,3042,3081,3091,3165,3165,3276,3324,3384,3425
37053,Currituck,NC,37,0,0,0,0,0,0,0,0,0,0,0,0,0,0,0,0,0,0,0,0,0,0,0,0,0,0,0,0,0,0,0,0,0,0,0,0,0,0,0,0,0,0,0,0,0,0,0,0,0,0,0,0,0,0,0,0,0,0,0,0,0,0,0,0,0,0,0,1,1,1,1,2,2,2,2,2,2,2,2,2,2,2,2,2,2,2,2,2,2,2,2,2,2,2,2,2,2,2,4,4,4,5,5,5,5,5,7,9,9,9,9,9,9,11,11,11,11,11,11,11,11,11,11,11,11,11,13,13,13,13,13,14,14,14,15,15,15,15,15,15,15,15,15,16,16,16,16,16,16,16,16,16,16,16,16,16,16,18,18,18,18,18,18,18,18,20,20,21,22,22,23,24,24,25,32,33,35,39,41,48,51,52,56,57,58,62,65,66,69,69,70,70,70,70,70,71,71,71,72,73,73,73,73,73,78,78,80,83
37055,Dare,NC,37,0,0,0,0,0,0,0,0,0,0,0,0,0,0,0,0,0,0,0,0,0,0,0,0,0,0,0,0,0,0,0,0,0,0,0,0,0,0,0,0,0,0,0,0,0,0,0,0,0,0,0,0,0,0,0,0,0,0,0,0,0,0,0,0,0,0,0,0,0,0,0,1,1,1,1,3,6,7,7,8,10,11,11,11,11,11,11,11,11,11,11,11,11,11,11,11,11,11,11,11,11,13,13,13,14,14,14,14,15,15,17,17,17,17,18,18,18,18,18,18,18,18,18,18,18,18,18,18,18,18,18,18,18,18,18,19,20,20,22,22,22,22,22,22,23,24,24,27,27,27,27,27,27,27,29,32,36,42,43,48,57,59,59,64,70,72,73,77,81,85,88,102,112,114,121,123,124,126,140,140,147,147,162,162,165,170,175,177,184,186,188,189,198,199,202,202,203,205,206,209,209,210,210,210,211,211,212,212
37057,Davidson,NC,37,0,0,0,0,0,0,0,0,0,0,0,0,0,0,0,0,0,0,0,0,0,0,0,0,0,0,0,0,0,0,0,0,0,0,0,0,0,0,0,0,0,0,0,0,0,0,0,0,0,0,0,0,0,0,0,0,0,1,1,1,1,1,2,2,3,4,14,16,19,22,28,35,43,53,57,63,70,73,78,81,84,84,84,86,87,91,94,94,94,94,96,103,107,113,120,155,155,160,160,163,166,179,179,179,183,186,191,199,201,202,205,227,232,243,255,274,288,293,306,314,323,332,345,352,359,359,360,368,385,398,398,430,434,446,477,500,505,511,520,529,544,556,589,620,643,655,664,678,691,725,729,735,759,772,797,831,868,908,925,936,946,989,1012,1035,1056,1072,1102,1114,1134,1175,1210,1228,1247,1263,1277,1296,1320,1351,1392,1414,1421,1447,1457,1477,1496,1510,1527,1537,1553,1578,1606,1620,1635,1643,1653,1675,1690,1709,1730,1758,1781,1793,1797,1797,1836,1849,1864,1879
37059,Davie,NC,37,0,0,0,0,0,0,0,0,0,0,0,0,0,0,0,0,0,0,0,0,0,0,0,0,0,0,0,0,0,0,0,0,0,0,0,0,0,0,0,0,0,0,0,0,0,0,0,0,0,0,0,0,0,0,0,0,0,0,0,0,1,1,1,1,1,2,4,6,11,11,11,11,12,14,16,17,20,20,20,21,21,21,21,22,22,23,23,23,23,23,24,24,24,28,29,29,29,29,29,30,31,31,31,31,31,31,31,31,32,35,36,37,37,40,43,45,45,46,52,55,57,62,67,69,74,76,79,82,87,90,90,103,105,105,107,110,115,117,119,122,126,131,132,134,139,142,144,145,152,154,155,156,158,161,163,169,177,183,188,193,199,203,206,208,210,215,223,234,235,236,241,247,252,253,256,259,261,269,271,275,278,282,284,287,294,294,296,305,313,326,341,349,361,371,376,387,391,403,407,414,422,422,424,424,430,431,436,437
37061,Duplin,NC,37,0,0,0,0,0,0,0,0,0,0,0,0,0,0,0,0,0,0,0,0,0,0,0,0,0,0,0,0,0,0,0,0,0,0,0,0,0,0,0,0,0,0,0,0,0,0,0,0,0,0,0,0,0,0,0,0,0,0,0,0,0,0,0,0,1,1,1,1,1,1,1,2,3,4,4,4,7,8,11,12,15,15,15,17,17,17,19,22,24,26,32,35,41,45,61,66,72,74,75,92,103,113,115,120,132,146,161,180,225,242,258,266,274,305,338,368,388,438,462,470,508,545,597,628,659,670,707,719,750,794,794,846,870,890,915,943,976,1006,1047,1062,1072,1096,1130,1150,1182,1213,1228,1231,1257,1279,1317,1332,1345,1355,1369,1373,1398,1422,1438,1460,1468,1468,1509,1533,1542,1561,1579,1595,1620,1637,1646,1667,1667,1672,1696,1720,1728,1732,1742,1766,1768,1787,1807,1820,1831,1846,1862,1874,1887,1890,1900,1913,1924,1937,1939,1952,1961,1966,1970,2006,2013,2015,2016,2016,2017,2019,2023,2027
37063,Durham,NC,37,0,0,0,0,0,0,0,0,0,0,0,0,0,0,0,0,0,0,0,0,0,0,0,0,0,0,0,0,0,0,0,0,0,0,0,0,0,0,0,0,0,0,0,0,0,0,0,0,0,1,1,1,1,1,1,1,12,33,33,37,40,40,63,70,75,83,101,105,106,122,126,147,159,181,186,191,205,236,243,259,275,278,287,297,330,350,360,380,383,392,398,438,459,494,517,535,539,702,708,728,736,750,762,767,773,793,807,829,847,865,873,887,903,924,938,974,986,1009,1053,1084,1119,1162,1230,1262,1312,1333,1359,1411,1441,1552,1552,1660,1706,1774,1830,1877,2025,2114,2180,2227,2284,2370,2467,2569,2662,2712,2773,2841,2912,2983,3094,3196,3209,3244,3319,3319,3451,3521,3571,3624,3674,3752,3830,3940,3992,4039,4107,4148,4182,4260,4326,4425,4499,4604,4655,4733,4827,4911,4987,5049,5110,5169,5220,5257,5370,5436,5487,5535,5567,5629,5687,5761,5830,5871,5909,5946,5989,6038,6080,6114,6171,6200,6221,6221,6298,6330,6377,6409
37065,Edgecombe,NC,37,0,0,0,0,0,0,0,0,0,0,0,0,0,0,0,0,0,0,0,0,0,0,0,0,0,0,0,0,0,0,0,0,0,0,0,0,0,0,0,0,0,0,0,0,0,0,0,0,0,0,0,0,0,0,0,0,0,0,0,0,0,0,0,0,0,0,1,1,1,3,3,4,4,5,5,5,11,12,15,18,22,23,26,31,33,42,44,49,57,57,57,60,62,67,73,73,75,76,81,87,96,98,105,113,123,128,137,139,151,153,155,156,157,161,164,167,170,170,170,174,174,176,184,188,188,188,190,190,190,197,197,201,208,210,214,215,221,228,229,230,231,233,235,244,252,252,254,256,257,262,268,273,274,276,284,290,298,302,309,313,315,317,326,329,334,334,347,352,352,363,370,377,379,388,402,409,415,420,427,440,454,463,473,477,489,503,514,526,533,549,560,564,574,579,589,596,605,616,626,632,646,656,664,664,691,709,725,736
37067,Forsyth,NC,37,0,0,0,0,0,0,0,0,0,0,0,0,0,0,0,0,0,0,0,0,0,0,0,0,0,0,0,0,0,0,0,0,0,0,0,0,0,0,0,0,0,0,0,0,0,0,0,0,0,2,2,2,2,2,2,2,2,7,7,8,12,12,12,15,16,16,24,35,39,41,41,56,63,82,86,94,105,105,105,111,112,114,117,121,122,122,122,124,125,126,128,133,139,142,149,150,156,179,194,219,245,266,267,271,287,308,332,353,369,373,379,397,449,508,568,627,651,687,736,749,801,849,889,920,969,977,1022,1081,1179,1253,1253,1383,1434,1486,1560,1660,1721,1774,1816,1874,1910,1967,2051,2128,2204,2250,2283,2333,2372,2463,2497,2524,2575,2615,2679,2715,2788,2871,2935,2978,2996,3077,3132,3185,3233,3290,3353,3423,3450,3525,3580,3622,3675,3731,3785,3850,3946,4008,4122,4196,4220,4297,4343,4402,4470,4515,4556,4607,4654,4703,4791,4833,4883,4925,4955,5007,5028,5091,5148,5213,5273,5286,5317,5317,5440,5477,5513,5552
37069,Franklin,NC,37,0,0,0,0,0,0,0,0,0,0,0,0,0,0,0,0,0,0,0,0,0,0,0,0,0,0,0,0,0,0,0,0,0,0,0,0,0,0,0,0,0,0,0,0,0,0,0,0,0,0,0,0,0,0,0,0,0,0,0,0,0,4,5,5,5,5,5,5,6,11,11,12,13,14,14,15,17,23,23,26,27,66,66,66,66,66,67,69,69,71,74,75,77,87,92,95,100,100,100,104,104,104,105,105,106,106,111,111,111,111,111,114,119,121,121,121,122,124,129,131,137,138,141,141,145,146,151,154,157,159,159,159,162,167,169,179,185,185,190,193,197,202,209,221,230,231,232,237,244,259,264,280,284,287,295,301,309,326,332,338,345,357,371,376,377,381,388,403,413,435,441,478,480,504,518,533,542,560,578,591,598,611,641,648,667,682,693,705,723,731,747,762,774,783,797,805,811,828,846,860,866,871,872,872,905,915,921,929
37071,Gaston,NC,37,0,0,0,0,0,0,0,0,0,0,0,0,0,0,0,0,0,0,0,0,0,0,0,0,0,0,0,0,0,0,0,0,0,0,0,0,0,0,0,0,0,0,0,0,0,0,0,0,0,0,0,0,0,0,0,0,0,1,1,1,3,3,3,3,7,9,16,21,22,27,31,33,37,42,45,46,58,62,64,73,80,80,80,86,92,93,104,107,111,112,118,123,126,127,132,133,133,137,137,139,142,145,145,145,147,155,157,161,168,172,175,176,181,189,195,201,203,203,208,210,211,220,231,235,244,249,250,251,261,276,276,286,288,297,301,320,347,364,366,368,392,406,452,484,515,525,549,576,621,671,705,737,771,803,837,869,912,972,1004,1041,1083,1139,1168,1250,1291,1325,1385,1443,1479,1547,1640,1742,1811,1859,1946,2003,2076,2120,2189,2267,2320,2359,2432,2500,2569,2635,2692,2736,2777,2805,2863,2939,2994,3013,3035,3083,3124,3222,3263,3299,3322,3339,3358,3358,3438,3495,3539,3570
37073,Gates,NC,37,0,0,0,0,0,0,0,0,0,0,0,0,0,0,0,0,0,0,0,0,0,0,0,0,0,0,0,0,0,0,0,0,0,0,0,0,0,0,0,0,0,0,0,0,0,0,0,0,0,0,0,0,0,0,0,0,0,0,0,0,0,0,0,0,0,0,0,0,0,0,0,1,1,1,1,1,2,3,4,4,4,4,4,4,4,4,4,4,4,4,4,4,6,6,7,7,7,7,7,7,7,9,9,9,9,10,10,10,11,11,11,11,11,12,13,14,14,14,14,14,14,14,21,21,23,23,23,23,23,23,23,23,23,23,23,23,23,23,23,23,23,23,23,24,24,24,24,24,25,25,25,25,25,25,26,26,26,26,27,27,27,27,27,27,27,27,27,27,28,29,29,29,29,29,30,30,30,30,31,32,32,33,34,35,35,36,37,37,37,37,38,41,43,43,45,45,45,45,45,45,45,45,45,45,49,49,51,55
37075,Graham,NC,37,0,0,0,0,0,0,0,0,0,0,0,0,0,0,0,0,0,0,0,0,0,0,0,0,0,0,0,0,0,0,0,0,0,0,0,0,0,0,0,0,0,0,0,0,0,0,0,0,0,0,0,0,0,0,0,0,0,0,0,0,0,0,0,0,0,0,0,0,0,0,0,0,0,0,0,0,0,0,0,0,0,0,0,0,0,0,0,0,0,0,0,0,0,0,0,0,0,1,1,1,1,1,1,1,2,2,2,2,2,2,2,2,2,2,2,2,2,2,2,2,2,2,2,2,2,2,2,2,2,2,2,2,2,2,2,4,4,4,4,5,6,6,6,6,6,6,6,6,6,6,6,6,6,6,8,8,9,9,9,9,9,10,10,10,10,10,10,10,10,10,10,10,10,10,10,10,10,10,10,10,10,12,15,15,15,15,17,17,21,22,23,23,26,27,27,29,29,31,35,35,39,39,40,40,44,46,46,46
37077,Granville,NC,37,0,0,0,0,0,0,0,0,0,0,0,0,0,0,0,0,0,0,0,0,0,0,0,0,0,0,0,0,0,0,0,0,0,0,0,0,0,0,0,0,0,0,0,0,0,0,0,0,0,0,0,0,0,0,0,0,0,0,0,1,1,1,1,1,1,3,3,6,7,9,9,20,22,24,37,70,76,83,83,87,88,89,92,97,98,104,108,109,110,112,114,118,121,121,126,133,133,133,136,136,137,157,159,159,159,159,159,159,164,165,167,170,171,178,181,190,196,201,202,208,222,226,239,240,247,254,258,269,277,294,294,307,309,315,321,348,462,501,513,557,610,624,646,657,668,680,688,693,701,713,723,735,738,742,755,767,771,779,786,788,798,807,814,825,833,844,850,850,859,877,884,931,938,944,954,974,982,994,1012,1030,1033,1038,1055,1057,1072,1087,1109,1110,1114,1125,1138,1144,1164,1176,1185,1186,1194,1209,1221,1231,1245,1247,1260,1260,1293,1313,1341,1353
37079,Greene,NC,37,0,0,0,0,0,0,0,0,0,0,0,0,0,0,0,0,0,0,0,0,0,0,0,0,0,0,0,0,0,0,0,0,0,0,0,0,0,0,0,0,0,0,0,0,0,0,0,0,0,0,0,0,0,0,0,0,0,0,0,0,0,0,0,0,0,3,3,3,3,3,3,4,5,6,6,8,10,10,10,10,10,10,10,12,12,12,12,13,13,13,14,14,14,15,15,15,15,15,15,16,17,19,19,22,22,22,33,33,33,34,36,37,37,40,40,44,45,50,50,50,56,58,64,65,65,66,66,68,70,77,77,79,81,81,84,88,92,95,104,106,106,107,116,116,118,122,124,128,132,134,140,144,147,151,159,160,164,172,173,173,173,175,182,182,182,184,190,191,191,196,200,202,213,223,237,238,242,250,252,252,254,260,264,269,270,270,274,277,283,284,287,297,305,308,311,313,318,322,324,326,331,331,332,332,336,338,341,342
37081,Guilford,NC,37,0,0,0,0,0,0,0,0,0,0,0,0,0,0,0,0,0,0,0,0,0,0,0,0,0,0,0,0,0,0,0,0,0,0,0,0,0,0,0,0,0,0,0,0,0,0,0,0,0,0,0,0,0,0,0,0,1,4,4,7,11,11,16,22,24,31,34,39,44,50,55,71,79,94,96,104,119,122,125,127,134,135,137,137,149,154,162,168,172,175,190,226,240,272,293,299,301,318,357,381,415,437,439,443,464,507,536,553,574,592,609,626,670,705,725,776,846,861,901,916,944,964,1033,1049,1073,1092,1101,1137,1195,1227,1227,1288,1318,1382,1445,1508,1573,1614,1665,1743,1806,1853,1899,1983,2032,2061,2103,2167,2230,2281,2352,2402,2434,2462,2527,2586,2645,2690,2743,2775,2812,2891,2946,3000,3055,3094,3149,3208,3275,3361,3440,3495,3604,3682,3760,3840,3877,3949,4061,4127,4198,4314,4412,4486,4599,4651,4691,4789,4862,4932,5042,5093,5167,5209,5254,5310,5335,5428,5498,5580,5651,5670,5704,5704,5826,5858,5911,5959
37083,Halifax,NC,37,0,0,0,0,0,0,0,0,0,0,0,0,0,0,0,0,0,0,0,0,0,0,0,0,0,0,0,0,0,0,0,0,0,0,0,0,0,0,0,0,0,0,0,0,0,0,0,0,0,0,0,0,0,0,0,0,0,0,0,0,0,0,0,0,0,0,0,2,2,4,4,6,7,10,10,10,12,12,15,17,20,20,20,25,25,26,28,30,30,33,33,34,35,39,46,49,49,52,55,56,57,62,62,64,69,73,77,82,85,91,94,94,96,100,101,106,106,113,119,125,131,139,145,148,150,151,151,159,164,176,176,182,183,187,194,197,200,201,203,209,217,224,229,238,239,239,241,241,244,253,259,265,266,266,272,281,284,291,298,306,311,313,314,319,321,323,325,329,341,346,361,408,425,428,430,433,443,457,469,474,477,481,499,510,520,545,551,566,579,585,595,610,622,639,642,650,657,668,678,698,700,705,715,715,746,747,752,754
37085,Harnett,NC,37,0,0,0,0,0,0,0,0,0,0,0,0,0,0,0,0,0,0,0,0,0,0,0,0,0,0,0,0,0,0,0,0,0,0,0,0,0,0,0,0,0,0,0,0,0,0,0,0,0,0,0,0,2,2,3,3,4,6,6,7,8,9,9,10,11,11,13,14,15,17,17,19,19,23,25,31,32,34,34,35,38,41,45,49,50,53,54,55,58,61,62,66,72,77,119,128,137,145,151,155,164,173,174,182,188,192,199,207,212,217,228,228,228,235,237,240,246,247,252,255,257,258,269,272,275,276,278,281,285,287,287,292,297,306,309,318,330,333,337,345,352,363,381,391,408,411,417,422,435,457,486,499,504,515,536,553,581,598,615,621,630,648,667,682,692,698,705,712,721,744,757,771,784,793,804,815,827,844,871,880,888,902,932,953,974,987,1003,1022,1045,1058,1074,1094,1123,1141,1158,1178,1189,1219,1243,1260,1288,1303,1318,1318,1357,1367,1398,1412
37087,Haywood,NC,37,0,0,0,0,0,0,0,0,0,0,0,0,0,0,0,0,0,0,0,0,0,0,0,0,0,0,0,0,0,0,0,0,0,0,0,0,0,0,0,0,0,0,0,0,0,0,0,0,0,0,0,0,0,0,0,0,0,0,0,0,0,0,0,0,0,0,0,0,0,0,0,0,1,2,2,3,3,3,3,3,3,3,3,3,3,4,4,5,5,5,5,5,5,5,5,5,6,6,6,10,10,12,12,13,15,15,16,16,16,16,17,18,19,19,21,22,25,26,26,26,28,35,36,38,40,40,42,43,46,46,46,48,49,53,55,55,59,59,60,63,63,63,63,65,65,65,65,67,69,70,70,70,71,71,74,75,79,86,88,89,90,90,91,92,98,98,106,107,109,113,117,123,127,128,138,142,149,154,166,171,185,192,192,200,209,219,231,240,247,255,268,276,295,298,348,356,362,375,393,421,432,435,438,438,445,455,457,460
37089,Henderson,NC,37,0,0,0,0,0,0,0,0,0,0,0,0,0,0,0,0,0,0,0,0,0,0,0,0,0,0,0,0,0,0,0,0,0,0,0,0,0,0,0,0,0,0,0,0,0,0,0,0,0,0,0,0,0,0,0,0,0,0,0,0,1,1,2,2,4,6,9,13,16,18,18,22,22,25,50,51,51,52,55,55,68,76,97,97,97,106,106,108,120,128,129,129,129,147,152,155,155,155,159,177,195,201,201,203,210,213,216,218,224,226,227,237,250,257,273,279,282,287,295,298,302,305,312,315,318,318,319,326,328,338,338,346,351,351,353,359,368,372,375,379,382,398,414,426,441,447,458,463,471,480,491,497,498,509,522,535,546,558,569,593,610,644,667,675,687,703,720,738,789,820,836,871,885,948,973,982,1016,1034,1056,1098,1126,1137,1191,1210,1234,1265,1279,1288,1306,1319,1325,1344,1358,1363,1374,1420,1429,1452,1459,1472,1482,1490,1495,1495,1517,1526,1542,1558
37091,Hertford,NC,37,0,0,0,0,0,0,0,0,0,0,0,0,0,0,0,0,0,0,0,0,0,0,0,0,0,0,0,0,0,0,0,0,0,0,0,0,0,0,0,0,0,0,0,0,0,0,0,0,0,0,0,0,0,0,0,0,0,0,0,0,0,0,0,1,2,2,2,2,2,4,4,4,4,4,4,4,5,4,4,4,4,4,4,4,4,4,6,6,9,9,10,11,14,17,27,27,28,32,34,37,39,40,42,44,45,45,45,46,48,49,49,49,49,49,50,51,52,53,59,60,60,61,65,66,69,72,72,72,89,117,117,128,128,130,130,133,134,135,135,138,140,140,143,149,150,151,152,152,153,153,154,156,156,156,156,157,157,160,160,161,162,164,166,168,169,170,171,174,174,174,178,179,179,179,181,181,184,184,192,195,200,205,218,218,223,228,234,237,241,248,265,273,277,283,295,307,310,313,316,334,344,349,353,353,365,375,394,401
37093,Hoke,NC,37,0,0,0,0,0,0,0,0,0,0,0,0,0,0,0,0,0,0,0,0,0,0,0,0,0,0,0,0,0,0,0,0,0,0,0,0,0,0,0,0,0,0,0,0,0,0,0,0,0,0,0,0,0,0,0,0,0,1,1,1,1,1,2,2,2,2,3,3,3,4,4,7,9,10,10,11,12,13,15,16,18,18,18,20,20,22,22,23,23,23,25,30,34,40,46,49,61,67,72,80,82,97,97,97,101,103,113,117,120,120,123,123,128,134,140,148,149,152,160,166,173,175,187,192,197,201,214,222,232,239,239,243,248,255,259,262,271,278,278,283,288,291,296,298,299,300,303,308,312,319,323,326,326,330,332,337,341,352,357,361,371,383,388,389,389,403,407,415,423,434,444,454,458,467,480,482,491,509,531,540,547,555,577,582,589,608,616,623,632,645,648,659,666,670,674,681,693,703,710,713,717,720,726,726,761,767,773,780
37095,Hyde,NC,37,0,0,0,0,0,0,0,0,0,0,0,0,0,0,0,0,0,0,0,0,0,0,0,0,0,0,0,0,0,0,0,0,0,0,0,0,0,0,0,0,0,0,0,0,0,0,0,0,0,0,0,0,0,0,0,0,0,0,0,0,0,0,0,0,0,0,0,0,0,0,0,0,0,0,0,0,0,0,0,0,0,0,0,0,0,0,0,0,0,0,0,0,0,0,0,0,0,0,1,1,1,1,1,1,1,1,1,1,1,1,1,1,1,1,1,1,1,1,1,1,1,1,1,1,1,1,1,1,1,1,1,1,1,1,1,2,2,2,2,2,2,2,2,2,3,3,3,3,3,3,6,6,6,6,6,6,6,9,10,11,11,12,12,13,13,17,20,20,23,25,28,31,31,31,31,31,33,33,33,33,33,34,35,35,35,35,35,36,37,37,37,37,37,37,37,37,37,37,37,42,44,45,47,47,48,51,54,57
37097,Iredell,NC,37,0,0,0,0,0,0,0,0,0,0,0,0,0,0,0,0,0,0,0,0,0,0,0,0,0,0,0,0,0,0,0,0,0,0,0,0,0,0,0,0,0,0,0,0,0,0,0,0,0,0,0,0,0,0,1,1,1,2,2,2,6,6,9,11,13,15,18,21,25,25,25,31,36,42,44,49,54,57,60,63,70,70,70,70,70,70,75,79,80,82,86,89,90,93,97,97,97,102,105,111,112,119,119,120,128,136,137,141,147,151,153,158,162,166,170,181,188,192,199,202,206,212,219,228,230,230,236,239,244,254,254,264,273,280,289,301,325,332,348,354,363,378,404,419,441,446,454,475,479,523,529,540,569,575,593,624,672,707,731,748,764,785,817,869,869,890,918,945,956,985,1031,1093,1108,1138,1173,1195,1234,1265,1308,1334,1353,1385,1399,1431,1460,1482,1501,1521,1546,1565,1605,1661,1670,1691,1701,1728,1738,1766,1782,1805,1820,1851,1879,1879,1912,1946,1963,2010
37099,Jackson,NC,37,0,0,0,0,0,0,0,0,0,0,0,0,0,0,0,0,0,0,0,0,0,0,0,0,0,0,0,0,0,0,0,0,0,0,0,0,0,0,0,0,0,0,0,0,0,0,0,0,0,0,0,0,0,0,0,0,0,0,0,0,0,0,0,0,0,0,0,0,0,0,0,0,0,0,0,0,0,0,0,0,0,0,2,2,2,2,2,3,3,3,3,3,3,3,4,5,7,10,10,13,15,16,16,16,18,20,20,21,21,21,21,21,22,22,22,24,24,24,24,24,24,24,25,25,25,25,26,26,29,32,32,34,34,36,36,38,44,47,50,55,55,55,57,57,58,58,59,61,64,65,66,71,71,77,78,83,89,91,96,105,113,117,125,126,127,138,141,147,154,157,164,189,198,206,220,221,237,252,273,279,285,293,306,317,327,348,352,365,371,374,382,389,394,394,395,407,415,436,438,444,447,447,448,448,458,458,458,460
37101,Johnston,NC,37,0,0,0,0,0,0,0,0,0,0,0,0,0,0,0,0,0,0,0,0,0,0,0,0,0,0,0,0,0,0,0,0,0,0,0,0,0,0,0,0,0,0,0,0,0,0,0,0,0,1,1,1,2,2,2,2,2,2,2,3,3,3,4,8,9,9,9,10,11,14,17,20,24,26,32,37,47,51,57,80,92,97,97,104,106,109,118,121,122,122,122,122,122,125,127,135,137,140,147,150,159,162,164,166,173,188,189,191,201,205,209,214,220,228,233,234,247,257,269,276,282,295,320,330,351,351,363,377,407,440,440,462,471,503,519,554,601,620,634,650,677,698,756,802,849,875,896,926,968,991,1058,1111,1135,1178,1208,1234,1278,1346,1393,1431,1473,1532,1570,1641,1685,1715,1737,1789,1825,1879,1920,1980,2044,2091,2150,2218,2255,2295,2349,2386,2406,2422,2490,2522,2559,2595,2620,2654,2751,2832,2895,2929,3000,3057,3085,3117,3135,3173,3207,3275,3304,3315,3334,3334,3381,3399,3424,3435
37103,Jones,NC,37,0,0,0,0,0,0,0,0,0,0,0,0,0,0,0,0,0,0,0,0,0,0,0,0,0,0,0,0,0,0,0,0,0,0,0,0,0,0,0,0,0,0,0,0,0,0,0,0,0,0,0,0,0,0,0,0,0,0,0,0,0,0,0,0,0,0,0,0,0,0,0,0,0,0,0,0,0,0,3,3,6,7,7,7,8,8,8,8,8,8,9,9,9,9,11,11,12,12,12,14,15,17,18,18,18,18,18,18,18,18,19,19,20,21,21,21,21,22,22,22,22,25,25,25,25,25,25,25,25,25,25,25,25,25,25,25,25,25,25,25,25,25,25,25,26,26,26,26,26,26,26,28,28,29,29,29,32,32,35,35,35,35,35,36,36,36,37,37,37,37,37,39,39,39,39,39,41,42,42,43,43,43,44,44,45,45,46,46,50,54,55,57,57,59,74,78,78,78,78,82,93,93,93,93,99,99,100,113
37105,Lee,NC,37,0,0,0,0,0,0,0,0,0,0,0,0,0,0,0,0,0,0,0,0,0,0,0,0,0,0,0,0,0,0,0,0,0,0,0,0,0,0,0,0,0,0,0,0,0,0,0,0,0,0,0,0,0,0,0,0,0,0,0,1,1,1,1,1,1,2,2,2,2,2,3,3,3,3,3,3,4,4,4,4,8,12,12,14,16,18,21,30,34,38,44,49,65,81,101,104,114,127,142,156,169,197,198,202,207,207,229,238,246,268,277,278,285,293,301,308,317,322,333,341,344,350,362,364,372,372,376,396,413,432,432,460,466,481,490,504,515,530,534,541,554,561,574,581,590,596,604,606,625,634,698,716,716,716,731,741,754,770,798,821,823,841,843,856,858,869,871,875,888,901,909,918,927,947,947,952,958,968,984,990,1000,1006,1037,1037,1044,1055,1068,1074,1095,1115,1124,1141,1178,1199,1217,1225,1240,1253,1261,1281,1289,1296,1302,1302,1311,1323,1328,1335
37107,Lenoir,NC,37,0,0,0,0,0,0,0,0,0,0,0,0,0,0,0,0,0,0,0,0,0,0,0,0,0,0,0,0,0,0,0,0,0,0,0,0,0,0,0,0,0,0,0,0,0,0,0,0,0,0,0,0,0,0,0,0,0,0,0,0,0,0,0,1,3,3,3,3,3,3,3,3,5,6,7,8,10,11,12,13,14,14,14,14,14,16,17,18,21,21,26,27,30,37,43,43,45,56,60,65,68,81,81,84,90,91,97,105,113,118,122,124,125,134,139,147,153,158,160,164,170,175,182,187,193,193,194,197,209,215,215,217,217,219,220,227,233,235,241,254,261,266,277,286,291,298,303,305,316,324,329,337,337,343,344,348,352,358,363,367,368,371,375,379,380,380,382,391,401,406,416,422,427,427,432,439,439,444,449,451,453,459,462,468,472,479,487,491,499,507,511,522,531,535,536,538,540,553,558,568,573,584,589,589,600,613,632,642
37109,Lincoln,NC,37,0,0,0,0,0,0,0,0,0,0,0,0,0,0,0,0,0,0,0,0,0,0,0,0,0,0,0,0,0,0,0,0,0,0,0,0,0,0,0,0,0,0,0,0,0,0,0,0,0,0,0,0,0,0,0,0,1,1,1,1,1,1,1,1,1,1,1,3,3,4,5,8,9,9,9,9,11,11,12,13,15,15,15,15,15,18,19,19,19,19,21,24,24,24,24,24,25,25,26,26,27,28,28,32,35,37,37,39,39,39,39,40,42,44,44,45,48,48,50,52,54,56,58,58,59,59,61,63,67,67,67,70,72,78,87,93,100,100,105,106,108,113,118,125,138,140,148,157,164,172,178,186,189,196,199,208,220,220,240,246,252,258,268,283,295,300,323,334,341,347,360,390,414,433,450,473,508,521,535,547,562,576,589,611,620,633,651,664,678,692,710,721,729,746,751,773,781,802,825,840,848,850,858,858,893,908,926,930
37111,McDowell,NC,37,0,0,0,0,0,0,0,0,0,0,0,0,0,0,0,0,0,0,0,0,0,0,0,0,0,0,0,0,0,0,0,0,0,0,0,0,0,0,0,0,0,0,0,0,0,0,0,0,0,0,0,0,0,0,0,0,0,0,0,0,0,0,0,0,2,3,3,4,4,7,7,8,8,8,9,10,10,10,13,16,16,16,16,18,18,18,19,19,19,20,20,20,20,20,21,21,21,22,22,22,25,25,27,27,28,28,28,29,29,29,29,29,29,29,29,30,30,32,32,33,35,35,37,39,51,51,52,52,53,64,64,73,73,73,77,86,95,100,101,101,106,121,129,142,151,159,163,168,172,174,185,196,196,202,206,208,213,213,222,226,235,237,245,259,264,267,271,280,292,299,310,316,317,319,332,339,347,355,365,373,389,411,416,429,439,454,460,468,477,493,539,573,595,604,609,618,621,662,675,675,683,683,693,693,696,701,709,713
37113,Macon,NC,37,0,0,0,0,0,0,0,0,0,0,0,0,0,0,0,0,0,0,0,0,0,0,0,0,0,0,0,0,0,0,0,0,0,0,0,0,0,0,0,0,0,0,0,0,0,0,0,0,0,0,0,0,0,0,0,0,0,0,0,0,0,0,0,0,0,0,0,0,0,0,0,1,1,1,1,1,1,1,2,2,2,2,2,2,2,2,2,2,2,2,2,2,2,2,2,2,2,2,2,3,3,3,3,3,3,3,3,3,3,3,3,3,3,3,3,4,4,5,5,5,5,7,8,9,18,18,18,19,47,62,62,84,89,89,98,119,120,121,146,157,158,159,178,185,217,231,235,235,235,243,247,252,252,256,259,262,263,266,277,280,282,282,289,288,288,289,291,293,298,315,322,322,323,328,333,337,360,368,379,381,382,392,397,407,417,421,422,429,431,435,439,439,444,446,450,452,452,456,457,459,463,463,465,465,469,469,475,478
37115,Madison,NC,37,0,0,0,0,0,0,0,0,0,0,0,0,0,0,0,0,0,0,0,0,0,0,0,0,0,0,0,0,0,0,0,0,0,0,0,0,0,0,0,0,0,0,0,0,0,0,0,0,0,0,0,0,0,0,0,0,0,0,0,0,0,0,0,0,0,0,0,0,0,0,0,0,0,0,0,0,0,0,0,0,0,0,0,0,0,0,0,0,0,0,0,0,0,0,1,1,1,1,1,1,1,1,1,1,1,1,1,1,1,1,1,1,1,1,1,1,2,2,2,2,2,2,2,2,2,2,2,2,2,2,2,3,3,3,3,3,3,3,3,3,3,4,4,5,5,5,5,5,5,5,6,6,6,7,8,9,9,11,12,12,12,13,13,14,14,15,15,15,15,15,15,17,17,18,18,18,19,20,21,22,24,24,25,27,28,28,30,30,32,34,36,38,38,38,40,41,41,41,42,45,45,45,45,45,48,49,49,49
37117,Martin,NC,37,0,0,0,0,0,0,0,0,0,0,0,0,0,0,0,0,0,0,0,0,0,0,0,0,0,0,0,0,0,0,0,0,0,0,0,0,0,0,0,0,0,0,0,0,0,0,0,0,0,0,0,0,0,0,0,0,0,0,0,0,0,0,0,0,0,0,0,0,0,1,2,3,3,3,3,3,4,4,4,5,5,6,6,7,7,7,8,8,9,9,11,11,12,13,15,15,15,16,16,16,16,18,20,21,21,25,27,28,29,29,31,33,34,34,34,35,35,36,37,39,42,48,52,52,54,56,61,62,65,70,70,73,73,73,73,74,76,76,76,78,78,82,88,94,96,100,101,101,103,106,111,112,113,117,119,120,120,120,120,128,131,135,137,140,141,143,145,148,152,157,163,165,170,171,172,173,174,177,180,184,186,190,191,196,197,201,207,211,213,215,235,236,239,239,240,245,245,247,249,252,257,257,260,260,265,273,277,282
37119,Mecklenburg,NC,37,0,0,0,0,0,0,0,0,0,0,0,0,0,0,0,0,0,0,0,0,0,0,0,0,0,0,0,0,0,0,0,0,0,0,0,0,0,0,0,0,0,0,0,0,0,0,0,0,0,2,2,2,4,4,7,7,11,28,28,41,66,79,104,142,181,218,263,336,382,420,444,495,564,635,664,733,810,830,861,906,935,954,970,993,993,993,1136,1136,1136,1136,1136,1136,1136,1136,1136,1136,1136,1136,1136,1136,1651,1699,1724,1734,1758,1850,1922,1989,2043,2074,2134,2148,2204,2320,2385,2504,2591,2652,2717,2780,2894,2954,3142,3231,3380,3403,3478,3605,3837,4028,4028,4412,4519,4670,4842,5057,5358,5509,5682,5744,5861,6155,6538,6862,7131,7321,7468,7563,7804,8166,8511,8752,8956,9086,9333,9614,9944,10287,10592,10863,11170,11534,11803,12233,12576,12806,13111,13317,13489,13757,14157,14607,15024,15319,15680,15950,16360,16657,17047,17379,17571,17800,18075,18403,18703,19041,19268,19480,19707,19924,20261,20502,20679,20864,21015,21316,21517,21704,21876,22066,22255,22315,22462,22462,22803,22850,22989,23110
37121,Mitchell,NC,37,0,0,0,0,0,0,0,0,0,0,0,0,0,0,0,0,0,0,0,0,0,0,0,0,0,0,0,0,0,0,0,0,0,0,0,0,0,0,0,0,0,0,0,0,0,0,0,0,0,0,0,0,0,0,0,0,0,0,0,0,0,0,0,0,0,0,0,0,0,0,0,1,1,1,1,1,2,3,3,3,4,4,4,4,4,4,5,5,5,5,5,5,5,5,5,5,5,5,5,5,5,5,5,5,5,5,5,5,5,5,5,5,5,5,5,7,7,7,7,7,7,8,8,8,8,8,8,9,12,12,12,13,13,13,13,13,13,13,13,13,13,15,15,16,16,16,18,19,23,24,25,25,25,25,25,25,25,27,29,30,32,33,34,40,43,44,49,51,52,55,55,55,55,56,57,57,58,58,60,60,60,60,60,64,67,68,68,71,71,73,73,74,75,77,78,78,78,78,78,78,78,78,78,78,80,80,80,80
37123,Montgomery,NC,37,0,0,0,0,0,0,0,0,0,0,0,0,0,0,0,0,0,0,0,0,0,0,0,0,0,0,0,0,0,0,0,0,0,0,0,0,0,0,0,0,0,0,0,0,0,0,0,0,0,0,0,0,0,0,0,0,0,0,0,0,0,0,1,1,3,3,3,3,3,5,7,8,8,9,9,9,10,10,12,12,12,12,12,14,15,15,17,17,18,18,18,18,19,20,20,21,22,28,31,33,35,36,36,36,38,41,41,41,41,41,42,43,43,47,48,56,56,57,65,68,74,78,84,84,86,88,93,104,110,123,123,128,132,141,142,149,155,160,164,164,170,172,185,198,204,210,211,218,229,234,245,246,252,253,260,269,274,284,298,305,309,317,321,334,337,343,347,358,362,368,376,392,399,402,408,417,420,430,445,452,456,458,466,469,491,499,514,531,552,561,563,569,585,587,594,601,610,621,626,635,640,647,650,650,659,673,686,701
37125,Moore,NC,37,0,0,0,0,0,0,0,0,0,0,0,0,0,0,0,0,0,0,0,0,0,0,0,0,0,0,0,0,0,0,0,0,0,0,0,0,0,0,0,0,0,0,0,0,0,0,0,0,0,0,0,0,0,0,0,0,0,2,2,2,2,2,2,2,2,2,3,6,6,8,8,8,8,9,9,10,10,37,57,57,65,66,66,66,66,67,67,67,67,67,67,67,67,67,67,68,68,69,71,79,79,83,83,84,93,106,109,109,110,110,110,110,112,113,113,114,116,117,119,119,120,125,139,140,141,141,150,174,195,201,201,207,221,235,241,248,253,257,257,259,266,278,285,298,317,318,319,320,335,337,355,370,371,377,377,396,409,421,439,450,458,484,500,506,522,530,533,543,554,594,599,618,635,640,646,653,668,684,701,708,716,720,753,753,771,795,805,819,841,851,858,872,888,890,909,933,947,968,980,1005,1009,1018,1021,1021,1046,1062,1081,1093
37127,Nash,NC,37,0,0,0,0,0,0,0,0,0,0,0,0,0,0,0,0,0,0,0,0,0,0,0,0,0,0,0,0,0,0,0,0,0,0,0,0,0,0,0,0,0,0,0,0,0,0,0,0,0,0,0,0,0,0,0,0,0,0,0,0,0,1,1,2,2,2,2,3,4,9,9,10,14,18,21,21,24,24,27,29,32,32,36,39,40,45,50,53,61,61,63,68,68,71,80,81,82,82,87,90,97,98,98,100,102,104,107,116,118,119,121,129,133,140,146,146,149,153,156,158,160,166,174,178,182,184,184,185,193,201,201,206,210,213,218,223,228,236,242,244,248,255,262,277,282,292,294,301,311,323,341,348,352,357,378,380,384,403,437,461,469,478,489,502,514,525,541,552,571,586,591,602,625,640,666,686,702,719,735,755,760,776,794,806,815,830,843,876,897,937,963,994,1014,1038,1063,1074,1086,1109,1130,1158,1180,1194,1209,1209,1252,1290,1315,1333
37129,New Hanover,NC,37,0,0,0,0,0,0,0,0,0,0,0,0,0,0,0,0,0,0,0,0,0,0,0,0,0,0,0,0,0,0,0,0,0,0,0,0,0,0,0,0,0,0,0,0,0,0,0,0,0,0,0,0,0,0,0,0,0,1,1,1,3,4,4,4,4,13,13,22,26,27,32,33,36,37,37,45,47,48,49,50,54,54,54,55,56,58,60,62,62,62,62,62,66,66,71,72,74,74,74,75,75,79,79,79,83,84,91,95,96,97,97,104,112,116,118,120,120,122,134,137,140,143,147,153,155,155,164,167,180,189,189,197,203,210,220,230,252,259,263,269,281,291,311,334,356,385,405,414,449,489,535,557,563,587,626,673,717,750,810,840,897,923,982,1063,1095,1118,1138,1161,1242,1304,1342,1438,1451,1484,1560,1594,1652,1712,1752,1779,1792,1889,1932,1969,2011,2052,2086,2119,2160,2198,2254,2285,2322,2337,2358,2397,2419,2451,2467,2513,2531,2544,2578,2578,2644,2666,2692,2704
37131,Northampton,NC,37,0,0,0,0,0,0,0,0,0,0,0,0,0,0,0,0,0,0,0,0,0,0,0,0,0,0,0,0,0,0,0,0,0,0,0,0,0,0,0,0,0,0,0,0,0,0,0,0,0,0,0,0,0,0,0,0,0,0,0,0,0,0,0,0,3,3,4,25,26,30,30,30,33,36,42,46,51,52,54,55,60,61,61,63,65,69,69,69,72,72,73,73,74,79,80,80,81,81,81,82,87,89,89,91,91,93,102,102,102,104,106,108,122,126,129,129,129,130,131,131,132,135,137,138,140,141,143,143,144,147,147,148,153,153,153,153,155,156,156,158,160,162,163,165,166,169,171,171,173,173,173,175,175,177,177,177,179,179,180,180,181,183,185,186,188,189,189,189,189,189,192,193,196,198,200,200,204,210,216,233,234,236,240,243,247,252,256,257,259,267,270,274,274,277,279,280,282,284,286,311,311,311,311,311,311,314,318,319
37133,Onslow,NC,37,0,0,0,0,0,0,0,0,0,0,0,0,0,0,0,0,0,0,0,0,0,0,0,0,0,0,0,0,0,0,0,0,0,0,0,0,0,0,0,0,0,0,0,0,0,0,0,0,0,1,1,1,1,1,1,1,1,1,1,1,1,1,3,3,4,4,4,4,6,7,7,8,9,13,16,18,23,23,24,26,28,29,29,29,29,31,32,33,33,33,33,33,33,40,42,42,43,43,43,45,46,50,50,50,51,52,53,53,53,53,54,58,59,63,67,70,71,75,79,79,81,83,94,96,96,96,97,98,100,108,108,110,112,114,117,120,121,134,134,136,136,145,149,156,159,160,166,178,180,188,206,211,213,215,224,229,243,249,258,270,284,308,324,334,339,345,353,359,367,372,382,399,412,418,436,454,464,507,547,558,564,596,618,646,671,707,712,722,730,773,820,890,917,930,934,961,987,1015,1026,1047,1065,1079,1108,1108,1154,1178,1194,1200
37135,Orange,NC,37,0,0,0,0,0,0,0,0,0,0,0,0,0,0,0,0,0,0,0,0,0,0,0,0,0,0,0,0,0,0,0,0,0,0,0,0,0,0,0,0,0,0,0,0,0,0,0,0,0,0,0,0,0,0,0,0,0,4,4,5,5,6,11,13,16,24,27,29,30,34,37,37,44,52,52,67,73,81,98,104,141,150,151,155,161,172,175,183,187,187,189,195,199,200,207,207,207,209,216,216,219,223,226,229,230,230,239,244,248,252,253,259,260,263,266,269,275,277,283,289,291,291,294,302,309,311,314,320,326,340,340,357,360,364,370,377,388,398,405,408,415,427,440,453,474,478,479,487,497,506,522,538,546,546,568,578,593,616,635,651,669,690,715,745,775,813,839,848,850,892,910,933,961,992,1003,1015,1035,1050,1083,1102,1112,1112,1127,1137,1160,1191,1197,1219,1229,1241,1250,1266,1278,1286,1293,1296,1308,1316,1329,1341,1348,1353,1356,1356,1389,1403,1430,1447
37137,Pamlico,NC,37,0,0,0,0,0,0,0,0,0,0,0,0,0,0,0,0,0,0,0,0,0,0,0,0,0,0,0,0,0,0,0,0,0,0,0,0,0,0,0,0,0,0,0,0,0,0,0,0,0,0,0,0,0,0,0,0,0,0,0,0,0,0,0,0,0,0,0,1,1,1,1,1,2,3,3,3,3,3,3,3,5,6,6,6,6,6,6,6,6,6,6,6,6,7,7,7,7,7,7,7,7,8,8,8,8,8,8,8,8,8,8,8,8,8,8,8,8,9,9,9,9,9,9,9,9,9,9,9,9,10,10,10,10,10,10,10,10,12,13,13,13,14,15,15,15,15,15,15,15,15,15,15,16,16,16,18,18,18,19,19,21,21,22,23,25,25,26,26,27,27,28,34,34,36,39,39,39,40,40,43,43,45,46,48,48,50,50,51,51,51,51,54,57,58,60,63,65,67,67,67,68,68,73,73,73,73,73,74
37139,Pasquotank,NC,37,0,0,0,0,0,0,0,0,0,0,0,0,0,0,0,0,0,0,0,0,0,0,0,0,0,0,0,0,0,0,0,0,0,0,0,0,0,0,0,0,0,0,0,0,0,0,0,0,0,0,0,0,0,0,0,0,0,1,1,1,1,1,1,1,1,1,1,2,2,4,4,7,7,8,8,8,9,10,10,11,15,15,15,15,15,16,20,20,20,32,32,32,33,34,34,34,34,35,36,36,36,36,37,37,38,38,39,75,80,80,80,80,80,80,83,87,87,87,87,90,93,95,95,96,96,96,100,102,104,105,105,105,110,112,114,114,114,114,114,115,120,125,128,131,131,131,131,147,152,153,155,163,164,168,172,172,180,198,203,203,203,210,212,217,218,220,221,225,233,233,234,242,243,244,255,258,262,262,267,267,267,271,278,281,288,295,298,305,311,314,336,346,351,351,359,360,360,371,388,395,401,402,423,423,430,436,443,447
37141,Pender,NC,37,0,0,0,0,0,0,0,0,0,0,0,0,0,0,0,0,0,0,0,0,0,0,0,0,0,0,0,0,0,0,0,0,0,0,0,0,0,0,0,0,0,0,0,0,0,0,0,0,0,0,0,0,0,0,0,0,0,0,0,0,0,0,0,0,0,0,0,0,0,0,0,0,0,0,1,2,2,2,3,4,5,5,5,5,5,5,5,6,7,8,9,9,10,10,10,10,10,10,11,13,13,16,16,16,16,19,20,23,36,38,38,38,40,42,42,44,45,49,50,50,59,61,65,70,72,72,74,74,75,75,75,81,81,82,91,98,103,108,113,115,117,122,123,129,140,143,143,145,149,162,162,166,177,177,187,213,221,222,235,243,247,262,271,291,296,298,303,303,314,330,338,353,365,382,415,425,430,446,462,473,484,501,518,538,541,552,557,569,575,582,597,610,612,619,626,632,633,638,643,654,658,659,666,666,675,676,692,696
37143,Perquimans,NC,37,0,0,0,0,0,0,0,0,0,0,0,0,0,0,0,0,0,0,0,0,0,0,0,0,0,0,0,0,0,0,0,0,0,0,0,0,0,0,0,0,0,0,0,0,0,0,0,0,0,0,0,0,0,0,0,0,0,0,0,0,0,0,0,0,0,0,1,1,1,1,1,1,1,1,2,2,2,2,2,3,4,4,4,8,8,8,8,8,8,8,8,8,8,10,10,10,11,12,13,13,14,14,14,14,14,14,14,14,17,17,17,19,19,20,21,22,22,22,22,22,22,22,23,23,23,23,23,23,24,24,24,24,25,25,25,25,25,25,25,25,26,28,29,29,29,29,30,30,30,30,30,30,30,30,32,32,32,36,36,36,36,36,36,37,37,37,37,37,37,37,38,38,38,38,38,40,43,42,42,44,45,48,50,50,51,54,56,56,57,58,62,64,65,67,71,73,74,76,80,85,86,87,88,88,90,92,93,93
37145,Person,NC,37,0,0,0,0,0,0,0,0,0,0,0,0,0,0,0,0,0,0,0,0,0,0,0,0,0,0,0,0,0,0,0,0,0,0,0,0,0,0,0,0,0,0,0,0,0,0,0,0,0,0,0,0,0,0,0,0,0,0,0,0,0,0,0,0,0,1,1,1,1,1,2,2,2,3,4,6,7,7,8,8,8,8,8,11,11,11,14,15,15,15,17,17,18,18,18,19,19,19,20,20,21,22,23,23,23,23,27,29,30,30,31,31,31,31,31,31,31,33,34,34,34,34,37,37,37,38,39,44,45,48,48,50,50,54,55,57,57,58,61,63,65,70,72,73,79,79,82,83,86,88,91,92,92,92,96,96,100,103,104,106,106,107,107,112,114,117,120,123,124,125,127,128,130,131,134,135,136,139,141,143,144,151,157,159,167,169,174,176,185,186,187,189,191,193,201,201,202,203,207,208,223,223,226,226,234,237,243,247
37147,Pitt,NC,37,0,0,0,0,0,0,0,0,0,0,0,0,0,0,0,0,0,0,0,0,0,0,0,0,0,0,0,0,0,0,0,0,0,0,0,0,0,0,0,0,0,0,0,0,0,0,0,0,0,0,0,0,0,0,0,0,0,1,1,1,3,3,5,6,8,10,13,15,16,26,26,29,31,35,36,36,44,51,57,60,62,63,65,68,69,80,83,89,93,93,96,99,100,104,110,110,110,115,120,123,124,128,129,135,144,145,152,160,162,165,169,178,182,185,196,202,207,213,221,228,234,246,254,257,264,267,267,273,286,295,295,313,316,321,326,332,382,394,397,404,416,432,451,464,481,493,500,502,507,528,553,561,567,579,602,611,638,650,660,679,696,709,732,758,785,804,822,844,858,876,890,913,946,963,978,1000,1040,1079,1130,1173,1215,1239,1293,1313,1376,1421,1472,1519,1548,1579,1639,1699,1739,1766,1795,1802,1833,1875,1899,1962,2020,2036,2054,2054,2161,2205,2241,2278
37149,Polk,NC,37,0,0,0,0,0,0,0,0,0,0,0,0,0,0,0,0,0,0,0,0,0,0,0,0,0,0,0,0,0,0,0,0,0,0,0,0,0,0,0,0,0,0,0,0,0,0,0,0,0,0,0,0,0,0,0,0,0,0,0,0,0,0,0,0,0,0,2,2,2,3,4,4,6,6,6,8,8,8,8,8,9,9,9,9,9,9,9,10,10,10,10,11,11,12,12,12,17,17,19,20,20,23,25,25,26,27,29,29,29,29,29,29,29,31,31,31,31,31,35,35,35,35,35,35,35,35,35,35,35,36,36,37,37,39,43,45,47,47,48,48,51,51,53,55,55,55,55,56,61,63,63,65,65,67,67,67,68,68,72,73,73,73,74,74,74,79,85,89,90,92,93,95,99,101,101,101,103,105,106,114,114,117,121,121,124,124,124,124,124,127,131,132,136,137,140,146,146,148,149,161,162,162,162,162,165,165,172,177
37151,Randolph,NC,37,0,0,0,0,0,0,0,0,0,0,0,0,0,0,0,0,0,0,0,0,0,0,0,0,0,0,0,0,0,0,0,0,0,0,0,0,0,0,0,0,0,0,0,0,0,0,0,0,0,0,0,0,0,0,0,0,0,0,0,0,0,1,2,3,3,5,9,15,16,17,17,19,19,26,29,33,35,37,42,46,50,50,53,55,56,63,67,69,74,77,78,82,97,107,118,128,137,154,168,185,209,228,238,242,255,275,290,307,317,338,354,355,369,392,422,438,455,461,469,486,502,528,549,567,601,613,624,639,651,659,659,671,678,697,730,751,779,792,801,809,842,866,882,908,921,927,947,969,997,1013,1032,1054,1058,1068,1077,1090,1115,1137,1149,1155,1174,1206,1234,1251,1266,1295,1316,1330,1353,1387,1405,1443,1475,1512,1543,1580,1602,1636,1707,1719,1747,1768,1810,1829,1870,1904,1911,1924,1950,1961,1999,2026,2049,2054,2065,2075,2085,2125,2149,2170,2174,2180,2191,2191,2211,2225,2243,2250
37153,Richmond,NC,37,0,0,0,0,0,0,0,0,0,0,0,0,0,0,0,0,0,0,0,0,0,0,0,0,0,0,0,0,0,0,0,0,0,0,0,0,0,0,0,0,0,0,0,0,0,0,0,0,0,0,0,0,0,0,0,0,0,0,0,0,0,0,0,0,0,0,0,0,0,0,0,0,0,0,0,0,1,1,2,4,7,10,10,12,12,15,17,18,19,20,20,22,28,30,36,36,36,40,42,47,48,55,57,58,61,65,80,81,89,90,91,91,98,100,104,112,112,115,115,121,130,132,145,145,146,152,153,162,162,163,163,163,163,170,171,180,182,184,184,184,188,190,196,201,209,211,215,215,221,223,228,233,233,233,242,246,252,256,273,276,278,290,296,306,309,320,325,326,332,345,350,356,365,373,373,375,385,391,396,400,403,406,415,415,422,432,449,456,464,467,468,475,478,478,481,484,490,498,500,505,506,512,516,516,534,543,553,562
37155,Robeson,NC,37,0,0,0,0,0,0,0,0,0,0,0,0,0,0,0,0,0,0,0,0,0,0,0,0,0,0,0,0,0,0,0,0,0,0,0,0,0,0,0,0,0,0,0,0,0,0,0,0,0,0,0,0,0,0,0,0,0,0,0,0,0,1,1,2,2,2,2,2,2,2,3,3,3,3,5,5,6,6,7,7,7,8,8,10,11,12,17,18,21,27,28,34,53,85,92,97,104,106,145,157,175,201,201,204,249,288,313,327,365,388,391,417,440,448,491,509,518,520,547,591,624,644,644,663,670,674,680,713,728,754,754,755,786,791,809,837,859,862,868,876,900,913,954,956,966,967,978,1019,1027,1040,1056,1085,1086,1096,1114,1132,1142,1161,1175,1178,1201,1218,1264,1320,1321,1332,1338,1383,1434,1479,1582,1620,1632,1638,1708,1731,1798,1863,1928,1942,1957,1994,2015,2071,2118,2175,2250,2395,2429,2459,2531,2563,2606,2635,2658,2682,2714,2726,2745,2784,2804,2817,2845,2845,2856,2952,3003,3023
37157,Rockingham,NC,37,0,0,0,0,0,0,0,0,0,0,0,0,0,0,0,0,0,0,0,0,0,0,0,0,0,0,0,0,0,0,0,0,0,0,0,0,0,0,0,0,0,0,0,0,0,0,0,0,0,0,0,0,0,0,0,0,0,0,0,0,0,0,0,0,0,0,0,0,0,0,0,2,3,5,6,6,8,8,9,10,14,14,14,15,15,16,16,16,18,19,20,20,21,21,23,24,24,24,25,26,26,26,26,27,30,34,36,38,39,40,42,43,43,44,44,45,46,46,48,49,52,59,65,69,72,72,73,76,86,92,92,97,100,102,103,106,113,115,115,115,118,123,124,130,135,137,141,147,150,157,163,166,170,173,173,179,194,210,218,223,231,234,235,238,257,261,267,267,274,284,289,292,294,307,310,322,328,336,352,351,359,363,375,383,392,401,402,412,421,428,441,450,461,470,480,486,490,509,528,543,549,552,555,555,574,577,585,592
37159,Rowan,NC,37,0,0,0,0,0,0,0,0,0,0,0,0,0,0,0,0,0,0,0,0,0,0,0,0,0,0,0,0,0,0,0,0,0,0,0,0,0,0,0,0,0,0,0,0,0,0,0,0,0,0,0,0,0,0,0,0,0,1,1,1,2,2,5,6,6,10,14,17,18,23,24,31,36,44,45,51,62,64,71,75,105,111,201,201,206,214,220,244,247,250,254,269,290,323,342,346,352,353,366,381,382,388,388,392,417,439,452,467,480,483,487,487,497,507,517,525,526,540,560,562,574,585,603,605,609,612,613,619,629,640,640,673,675,688,707,720,735,761,771,773,788,808,835,862,888,901,921,937,957,978,995,1019,1025,1037,1076,1088,1118,1137,1163,1183,1205,1227,1251,1284,1287,1309,1341,1361,1382,1426,1449,1494,1499,1522,1547,1578,1609,1651,1672,1700,1712,1744,1778,1790,1821,1842,1859,1876,1891,1913,1940,1957,1986,2007,2032,2060,2072,2123,2148,2173,2197,2205,2220,2220,2291,2316,2340,2359
37161,Rutherford,NC,37,0,0,0,0,0,0,0,0,0,0,0,0,0,0,0,0,0,0,0,0,0,0,0,0,0,0,0,0,0,0,0,0,0,0,0,0,0,0,0,0,0,0,0,0,0,0,0,0,0,0,0,0,0,0,0,0,0,0,0,0,0,0,0,0,0,0,0,0,1,4,7,9,10,12,14,17,19,25,28,31,37,37,40,43,45,55,59,65,75,80,80,80,92,105,108,116,119,120,123,139,140,142,145,145,145,145,148,149,151,151,151,151,151,151,151,151,153,153,154,154,158,159,161,164,168,169,171,172,174,182,182,182,185,185,188,191,194,197,197,197,197,197,205,217,224,224,224,226,233,234,242,255,256,257,263,263,272,274,279,291,296,299,307,317,324,328,337,352,360,364,366,381,383,395,415,422,436,444,451,459,464,472,524,529,533,537,542,556,564,608,619,628,638,642,668,679,682,696,707,712,746,752,758,758,787,799,812,820
37163,Sampson,NC,37,0,0,0,0,0,0,0,0,0,0,0,0,0,0,0,0,0,0,0,0,0,0,0,0,0,0,0,0,0,0,0,0,0,0,0,0,0,0,0,0,0,0,0,0,0,0,0,0,0,0,0,0,0,0,1,1,1,1,1,1,1,1,1,1,1,1,1,1,1,1,1,1,1,2,2,3,4,5,8,10,11,11,13,13,13,16,18,19,21,21,21,23,25,31,36,39,39,44,51,63,65,83,88,88,94,108,126,136,145,156,167,170,176,203,219,232,244,259,265,273,315,345,367,385,405,405,405,412,429,462,462,499,499,509,531,553,571,597,621,626,627,642,702,728,760,779,783,791,802,835,865,877,894,907,932,947,973,986,1018,1030,1040,1060,1071,1084,1093,1100,1112,1117,1128,1149,1170,1185,1190,1198,1217,1228,1260,1283,1291,1303,1305,1328,1340,1351,1364,1374,1381,1386,1394,1394,1402,1411,1417,1421,1427,1431,1439,1453,1455,1500,1504,1504,1504,1504,1504,1504,1510,1513
37165,Scotland,NC,37,0,0,0,0,0,0,0,0,0,0,0,0,0,0,0,0,0,0,0,0,0,0,0,0,0,0,0,0,0,0,0,0,0,0,0,0,0,0,0,0,0,0,0,0,0,0,0,0,0,0,0,0,0,0,0,0,0,0,0,1,1,1,1,1,1,1,1,2,2,2,2,2,2,2,2,2,3,3,4,4,9,9,9,9,9,9,11,11,12,12,13,15,16,17,21,22,23,24,24,24,26,29,29,30,30,32,34,36,36,40,41,43,43,46,48,50,52,53,55,56,59,60,62,64,67,67,69,78,84,84,84,86,86,87,89,90,95,97,98,98,99,102,104,107,107,111,113,113,113,120,123,123,123,124,129,130,132,133,134,136,137,138,142,144,146,149,151,152,157,157,163,165,166,170,174,177,183,183,185,188,194,200,203,215,220,225,227,229,239,242,259,263,273,281,286,302,312,320,331,339,343,351,362,362,388,395,415,432
37167,Stanly,NC,37,0,0,0,0,0,0,0,0,0,0,0,0,0,0,0,0,0,0,0,0,0,0,0,0,0,0,0,0,0,0,0,0,0,0,0,0,0,0,0,0,0,0,0,0,0,0,0,0,0,0,0,0,0,0,0,0,0,0,0,0,0,0,1,1,1,2,2,5,5,5,5,5,7,7,7,8,8,8,8,11,14,16,17,17,17,19,20,20,20,21,21,22,24,24,28,28,28,28,28,29,29,29,29,29,29,29,29,29,29,29,29,30,30,31,31,31,32,32,32,33,34,37,42,45,50,53,54,55,57,72,72,82,85,92,96,103,115,117,117,119,124,130,144,150,163,164,167,174,180,195,208,234,277,282,298,308,315,340,359,373,378,394,411,437,459,468,479,481,484,531,539,553,563,572,585,597,613,621,640,657,662,670,708,722,740,764,778,793,802,827,848,866,884,897,906,928,938,1000,1026,1049,1064,1075,1089,1089,1171,1207,1224,1235
37169,Stokes,NC,37,0,0,0,0,0,0,0,0,0,0,0,0,0,0,0,0,0,0,0,0,0,0,0,0,0,0,0,0,0,0,0,0,0,0,0,0,0,0,0,0,0,0,0,0,0,0,0,0,0,0,0,0,0,0,0,0,0,0,0,0,0,0,0,0,0,0,0,0,0,0,0,0,3,5,6,8,8,8,8,8,9,9,9,9,10,10,10,10,10,10,10,10,10,10,10,10,10,10,10,10,10,10,10,10,10,10,10,11,11,11,11,14,18,20,23,26,30,36,39,39,42,42,50,55,56,57,58,60,65,66,66,69,69,75,79,81,83,85,86,89,89,90,91,92,94,95,95,96,98,101,102,105,109,110,112,115,121,124,125,125,125,129,129,133,135,139,143,147,148,155,162,164,168,169,170,176,183,184,194,198,199,200,202,207,211,215,218,221,221,229,239,248,256,265,266,270,277,282,284,287,289,289,289,289,295,295,301,304
37171,Surry,NC,37,0,0,0,0,0,0,0,0,0,0,0,0,0,0,0,0,0,0,0,0,0,0,0,0,0,0,0,0,0,0,0,0,0,0,0,0,0,0,0,0,0,0,0,0,0,0,0,0,0,0,0,0,0,0,0,0,0,0,0,0,0,0,0,0,0,1,1,2,2,2,2,2,2,3,3,3,10,10,10,10,10,10,10,10,10,11,12,12,12,12,12,12,12,12,12,12,12,12,13,13,13,16,16,16,20,20,26,30,33,41,43,45,47,62,67,75,89,95,101,102,109,122,151,158,167,168,173,187,197,201,201,218,224,231,251,269,273,274,279,292,294,300,315,327,333,339,342,346,353,370,378,382,382,382,413,418,437,444,451,464,470,482,488,496,497,503,516,525,535,552,565,574,580,582,592,604,628,642,652,671,675,688,699,712,737,748,757,773,787,802,832,845,860,869,872,877,878,897,916,928,954,956,960,960,974,984,998,1005
37173,Swain,NC,37,0,0,0,0,0,0,0,0,0,0,0,0,0,0,0,0,0,0,0,0,0,0,0,0,0,0,0,0,0,0,0,0,0,0,0,0,0,0,0,0,0,0,0,0,0,0,0,0,0,0,0,0,0,0,0,0,0,0,0,0,0,0,0,0,0,0,0,0,0,0,0,0,0,0,0,0,0,0,0,0,0,0,0,0,0,0,0,0,0,0,0,0,0,0,0,0,0,0,3,3,3,4,4,4,4,4,5,5,5,5,5,5,5,5,6,6,6,6,6,6,8,10,10,10,10,10,10,10,11,13,13,13,13,21,21,22,23,23,23,23,32,33,37,38,38,38,38,38,38,38,40,40,40,40,50,50,50,51,51,51,51,55,58,58,58,59,59,61,68,69,70,70,70,70,70,73,77,77,80,80,80,84,86,86,90,90,91,91,93,99,99,103,103,105,105,106,106,107,117,119,119,119,119,119,119,119,120,120
37175,Transylvania,NC,37,0,0,0,0,0,0,0,0,0,0,0,0,0,0,0,0,0,0,0,0,0,0,0,0,0,0,0,0,0,0,0,0,0,0,0,0,0,0,0,0,0,0,0,0,0,0,0,0,0,0,0,0,0,0,0,0,0,0,0,0,0,0,1,2,2,2,3,3,3,5,5,5,5,5,5,5,6,6,6,6,6,6,6,6,6,6,6,7,7,7,7,7,7,7,7,7,7,7,7,7,7,7,7,7,7,7,7,7,7,7,7,7,7,7,7,7,7,7,8,8,9,9,11,11,11,11,11,12,12,13,13,14,14,15,15,16,16,16,16,16,16,16,16,16,17,17,17,17,17,18,19,19,19,19,19,19,19,20,21,22,22,22,22,25,26,30,36,37,38,38,41,43,48,52,58,61,62,68,75,84,90,96,98,101,103,106,107,108,110,111,116,121,122,127,127,127,127,129,132,135,137,139,141,141,146,150,155,161
37177,Tyrrell,NC,37,0,0,0,0,0,0,0,0,0,0,0,0,0,0,0,0,0,0,0,0,0,0,0,0,0,0,0,0,0,0,0,0,0,0,0,0,0,0,0,0,0,0,0,0,0,0,0,0,0,0,0,0,0,0,0,0,0,0,0,0,0,0,0,0,0,0,0,0,0,0,0,0,0,0,0,0,0,0,0,0,0,0,0,2,3,4,4,4,4,4,4,4,4,4,4,4,4,4,4,4,4,4,4,4,4,4,4,4,4,4,4,4,4,4,4,4,4,4,4,4,4,4,4,4,4,4,4,4,4,4,4,4,4,4,4,4,4,4,4,4,4,4,5,5,5,5,5,5,5,5,5,5,5,5,6,7,8,8,8,9,10,11,11,12,13,13,16,19,30,31,34,38,50,53,58,62,63,63,64,65,66,78,80,80,83,83,87,88,88,89,89,90,90,90,90,91,92,92,93,98,98,98,98,98,100,100,101,101
37179,Union,NC,37,0,0,0,0,0,0,0,0,0,0,0,0,0,0,0,0,0,0,0,0,0,0,0,0,0,0,0,0,0,0,0,0,0,0,0,0,0,0,0,0,0,0,0,0,0,0,0,0,0,0,0,0,0,0,0,0,0,2,2,5,9,12,13,16,24,27,30,38,38,41,47,55,60,67,67,75,83,87,93,100,101,101,104,110,112,129,137,139,149,163,171,179,186,190,195,201,205,211,228,240,254,257,263,263,271,275,283,284,294,297,301,301,304,313,321,351,352,354,360,364,370,372,393,394,400,406,407,417,430,435,435,454,466,506,523,540,567,575,592,599,616,647,672,690,717,733,754,764,802,852,876,920,949,965,995,1042,1066,1123,1151,1173,1201,1261,1311,1382,1420,1452,1512,1551,1579,1643,1712,1778,1821,1858,1909,1942,2036,2091,2145,2190,2215,2251,2287,2356,2416,2470,2503,2533,2572,2611,2671,2720,2762,2802,2823,2881,2930,2975,3016,3072,3096,3109,3141,3141,3222,3276,3326,3375
37181,Vance,NC,37,0,0,0,0,0,0,0,0,0,0,0,0,0,0,0,0,0,0,0,0,0,0,0,0,0,0,0,0,0,0,0,0,0,0,0,0,0,0,0,0,0,0,0,0,0,0,0,0,0,0,0,0,0,0,0,0,0,0,0,0,0,1,2,2,2,2,3,3,3,4,4,6,6,10,12,12,12,14,16,19,19,19,19,21,23,25,28,30,32,33,34,36,38,40,41,51,80,80,84,88,97,112,112,112,119,120,147,153,161,161,162,168,173,175,183,187,191,195,197,202,207,215,239,239,245,250,266,296,296,310,310,322,322,337,344,351,364,366,370,375,377,390,403,408,415,415,417,421,434,437,441,452,453,462,475,486,490,492,499,501,502,506,507,521,523,526,527,532,536,548,555,563,563,585,589,593,599,604,618,623,637,638,647,647,665,681,685,687,699,703,710,721,727,731,738,739,746,751,759,765,773,777,778,778,793,801,810,816
37183,Wake,NC,37,0,0,0,0,0,0,0,0,0,0,0,0,0,0,0,0,0,0,0,0,0,0,0,0,0,0,0,0,0,0,0,0,0,0,0,0,0,0,0,0,0,1,1,1,1,1,1,6,7,8,8,8,14,14,15,15,17,23,23,33,40,46,54,67,83,104,124,146,166,186,195,234,258,283,304,314,336,363,371,391,424,470,476,501,510,552,566,579,592,599,611,616,626,633,645,663,671,769,788,821,839,870,874,891,919,937,961,986,1013,1030,1048,1061,1080,1107,1143,1176,1212,1239,1272,1307,1345,1389,1434,1448,1471,1478,1519,1564,1613,1683,1683,1773,1841,1894,1977,2067,2155,2235,2300,2371,2448,2553,2737,2892,3011,3099,3163,3241,3385,3529,3721,3884,3984,4106,4253,4347,4506,4675,4816,4952,5060,5298,5453,5651,5810,5980,6150,6299,6471,6704,6898,7204,7447,7640,7737,7971,8157,8354,8593,8768,8897,9063,9252,9377,9610,9819,9991,10119,10289,10464,10641,10859,10969,11113,11235,11337,11425,11576,11753,11906,12028,12077,12148,12148,12406,12508,12603,12714
37185,Warren,NC,37,0,0,0,0,0,0,0,0,0,0,0,0,0,0,0,0,0,0,0,0,0,0,0,0,0,0,0,0,0,0,0,0,0,0,0,0,0,0,0,0,0,0,0,0,0,0,0,0,0,0,0,0,0,0,0,0,0,0,0,0,0,0,0,0,0,0,0,0,0,0,0,0,0,1,2,2,3,3,3,3,3,3,3,3,3,3,3,3,3,3,3,3,3,3,4,4,4,6,7,10,15,15,16,17,17,18,19,22,23,23,23,23,23,25,26,28,29,29,33,36,38,48,54,54,54,54,54,57,58,62,62,63,64,70,72,82,89,89,93,110,113,118,125,129,133,133,134,134,142,144,146,148,148,150,154,154,155,157,159,159,160,160,160,161,165,171,174,174,175,179,181,186,191,191,192,193,200,204,205,207,208,208,212,214,218,225,226,228,231,231,235,238,239,240,243,246,252,254,256,256,256,258,260,260,264,266,267,271
37187,Washington,NC,37,0,0,0,0,0,0,0,0,0,0,0,0,0,0,0,0,0,0,0,0,0,0,0,0,0,0,0,0,0,0,0,0,0,0,0,0,0,0,0,0,0,0,0,0,0,0,0,0,0,0,0,0,0,0,0,0,0,0,0,0,0,0,0,0,0,0,0,1,1,1,2,2,2,3,4,6,7,8,10,13,15,15,17,18,18,18,18,19,20,21,21,21,21,21,23,23,23,23,23,24,24,24,24,25,25,25,25,25,25,25,25,25,25,26,26,26,26,26,26,26,26,26,26,26,26,26,27,27,27,27,27,30,30,32,32,32,32,32,32,32,32,32,33,34,34,34,34,35,35,35,36,36,36,36,37,37,37,38,38,38,38,38,38,40,40,40,40,41,41,41,42,46,50,51,54,54,57,60,62,67,75,80,89,94,96,97,100,103,106,110,113,114,118,120,121,121,124,127,128,132,133,133,133,133,136,137,140,142
37189,Watauga,NC,37,0,0,0,0,0,0,0,0,0,0,0,0,0,0,0,0,0,0,0,0,0,0,0,0,0,0,0,0,0,0,0,0,0,0,0,0,0,0,0,0,0,0,0,0,0,0,0,0,0,0,0,0,1,1,1,1,1,2,2,2,2,2,2,2,3,4,5,5,5,5,6,7,7,7,7,7,8,8,8,7,8,8,8,8,8,8,8,8,8,8,8,8,8,8,8,8,8,8,8,8,8,8,8,8,8,8,9,9,9,9,9,9,9,9,9,9,9,11,12,12,12,12,12,13,13,13,14,15,15,19,19,23,27,31,35,37,37,37,37,37,37,37,38,41,41,41,41,41,43,43,45,47,49,50,51,51,52,58,65,67,68,70,70,77,83,93,99,104,104,108,116,116,120,128,137,142,153,163,172,176,180,185,189,191,194,203,210,213,216,218,241,247,251,256,261,265,269,273,277,287,292,293,294,294,309,314,331,339
37191,Wayne,NC,37,0,0,0,0,0,0,0,0,0,0,0,0,0,0,0,0,0,0,0,0,0,0,0,0,0,0,0,0,0,0,0,0,0,0,0,0,0,0,0,0,0,0,0,0,0,0,0,0,0,0,0,0,1,1,1,1,1,1,1,1,1,1,1,1,1,3,3,3,4,4,4,6,9,11,15,23,32,34,44,52,69,69,72,78,80,103,239,316,463,572,581,585,596,603,618,630,635,641,645,655,658,674,677,685,687,687,699,715,726,743,752,755,760,775,801,819,832,867,879,888,910,949,980,1000,1029,1029,1045,1054,1088,1112,1112,1161,1179,1188,1212,1240,1268,1306,1335,1337,1367,1403,1448,1467,1512,1533,1535,1540,1565,1587,1622,1643,1658,1673,1703,1712,1724,1740,1767,1795,1802,1822,1847,1864,1879,1897,1913,1926,1935,1942,1964,1980,1990,2006,2021,2039,2055,2071,2082,2100,2103,2123,2142,2155,2179,2195,2207,2215,2233,2249,2262,2282,2299,2312,2328,2330,2335,2361,2373,2395,2412,2424,2435,2435,2463,2485,2515,2527
37193,Wilkes,NC,37,0,0,0,0,0,0,0,0,0,0,0,0,0,0,0,0,0,0,0,0,0,0,0,0,0,0,0,0,0,0,0,0,0,0,0,0,0,0,0,0,0,0,0,0,0,0,0,0,0,0,0,0,0,0,0,0,0,0,0,0,0,0,0,0,0,0,0,0,0,2,2,4,4,4,4,4,4,4,4,4,4,4,4,4,4,4,4,4,4,4,5,5,8,11,18,21,21,22,26,33,42,59,92,115,128,147,186,198,202,239,242,243,262,277,287,405,423,425,448,451,456,462,472,473,478,478,483,486,492,494,494,500,500,500,502,504,507,509,511,513,513,516,530,542,542,544,547,550,551,554,554,555,555,557,560,561,564,567,570,576,576,578,583,586,588,589,592,592,600,602,608,617,620,628,632,640,641,651,653,657,663,665,672,676,682,694,694,701,706,713,721,723,729,734,736,741,744,762,780,792,834,842,843,843,871,897,905,910
37195,Wilson,NC,37,0,0,0,0,0,0,0,0,0,0,0,0,0,0,0,0,0,0,0,0,0,0,0,0,0,0,0,0,0,0,0,0,0,0,0,0,0,0,0,0,0,0,0,0,0,0,0,0,0,0,0,0,0,1,1,1,1,2,2,2,3,3,3,5,7,7,9,10,11,13,15,17,20,23,28,29,36,38,42,44,58,64,70,74,75,83,96,103,112,116,118,121,130,136,148,148,150,152,152,157,162,173,175,180,182,184,192,199,203,212,214,216,216,218,222,229,238,246,251,256,264,275,309,314,319,321,325,331,338,347,347,359,363,370,403,413,426,443,445,452,456,464,473,496,507,518,524,527,545,556,594,603,610,615,633,644,661,674,682,696,714,726,745,757,757,764,786,800,837,854,870,907,920,942,980,1024,1036,1075,1099,1128,1136,1174,1200,1231,1261,1272,1288,1303,1310,1338,1354,1370,1382,1399,1418,1423,1427,1449,1458,1476,1490,1491,1502,1502,1525,1536,1552,1562
37197,Yadkin,NC,37,0,0,0,0,0,0,0,0,0,0,0,0,0,0,0,0,0,0,0,0,0,0,0,0,0,0,0,0,0,0,0,0,0,0,0,0,0,0,0,0,0,0,0,0,0,0,0,0,0,0,0,0,0,0,0,0,0,0,0,0,0,0,0,0,0,0,0,1,2,3,3,4,5,6,9,9,9,9,9,10,10,10,10,11,11,11,11,11,11,11,11,11,11,11,11,12,12,15,16,16,17,23,23,24,25,27,33,39,49,54,54,60,75,80,92,98,103,109,118,123,124,128,131,132,145,146,149,154,162,166,166,177,181,196,203,208,215,216,217,221,225,225,228,233,239,248,251,255,259,269,272,280,281,282,286,293,299,306,322,330,332,334,334,338,340,341,351,357,358,364,376,376,377,385,389,395,395,398,404,404,405,415,419,431,436,439,441,445,453,461,473,480,486,490,496,505,513,524,524,532,541,542,549,549,558,561,562,563
37199,Yancey,NC,37,0,0,0,0,0,0,0,0,0,0,0,0,0,0,0,0,0,0,0,0,0,0,0,0,0,0,0,0,0,0,0,0,0,0,0,0,0,0,0,0,0,0,0,0,0,0,0,0,0,0,0,0,0,0,0,0,0,0,0,0,0,0,0,0,0,0,0,0,0,0,0,0,0,0,0,0,0,0,0,0,0,0,0,0,0,0,0,0,0,0,0,0,0,0,0,0,0,0,0,0,0,0,1,1,1,1,7,7,7,8,8,8,8,8,8,8,8,10,10,10,10,10,10,10,10,10,10,12,14,14,14,15,15,15,15,16,21,21,21,21,23,23,23,24,26,27,29,31,33,35,35,35,35,35,37,43,43,43,43,43,43,43,43,44,44,49,50,50,50,52,53,55,59,60,61,63,65,65,66,67,68,68,68,68,68,68,69,69,70,70,71,72,72,72,73,74,74,74,74,74,76,76,76,76,78,78,80,80
